token, category
newarcheworld,game
opensea,"nft,mark"
uniswapv2,exch
uniswapv3,exch
metamaskswap,defi
gem,mark
sushi,defi
0xprotocol,othe
ethereumnameservice,"othe,prop"
x2y2,"nft,mark"
polygonposbridge,defi
foundation,mark
hex,defi
cowswap,defi
aavev2,defi
thesandboxmarketplace,mark
newsudoswap,mark
shibaswap,defi
hopprotocol,exch
bungee,defi
looksrare,mark
elementmarket,mark
lido,defi
newroulettebaccaratblackjackslotdicehorseracing,gamb
newrengablackbox,coll
crypto.comdefiswap,exch
stablefund,defi
parallelalpha,coll
curve,defi
wormhole,defi
1inchnetwork,defi
convexfinance,defi
newacross,othe
newwomenapeyachtclub,coll
otherdeedforotherside,coll
celernetwork,"defi,deve"
mirandus,game
stargatefinance,defi
bitkeepswap,defi
clonex-xtakashimurakami,coll
transitswap,exch
radioshack,defi
thehumanoids,coll
dodo,"defi,exch"
kaijukingz,coll
mirror,defi
artblocks,coll
veefriendsseries2,coll
rarible,mark
okxnftmarketplace,mark
eth2depositcontract,defi
liquity,defi
hunnyplay,gamb
newrareapepeyc,coll
compound,defi
unstoppabledomains,"wall,coll"
mutantapeyachtclub,coll
lilpudgys,coll
worldofwomengalaxy,coll
dydx,defi
nftfi,defi
swapr,exch
moonbirdsoddities,coll
synthetix,defi
arbitrum,othe
premintcollectorpass,coll
genie,mark
cryptokitties,"mark,game"
illuvium,game
ren,defi
flexa,defi
goblintownnft,coll
moonbirds,coll
10ktf,coll
adidasoriginalsintothemetaverse,coll
orbitbridge,defi
tokenlon,exch
badger.finance,defi
1xbit,gamb
degentoonzcollection,coll
apereunion,coll
balancer,"exch,fina"
pudgypenguins,coll
eulerfinance,defi
stakedao,defi
everrise,defi
mfers,coll
tokentrove,"nft,mark"
arcadeland,coll
coolcats,coll
3landers,coll
emblem.finance,coll
rtfktxnikedunkgenesiscryptokicks,coll
probablynothinggenesis,coll
raidpartyfighters,coll
leagueofkingdoms,game
murakami.flowersofficial,coll
rtfktxnikemonolith,coll
alienfrens,coll
0n1force,coll
catbloxgenesiscollection,coll
connext,defi
oasis.app,defi
synapse,defi
sx.bet,gamb
alchemix,defi
allbridge,defi
azuki,coll
boredapeyachtclub,coll
doodles,coll
meebits,coll
rtfktskinvial:evox,coll
thedoggies(snoopdogg),coll
dentedfeelsnft,coll
io:imaginaryones,coll
smallbrosnft,coll
wolfgame-land,coll
boredapekennelclub,coll
cryptopunks,"coll,mark"
gene_sis,coll
pixelmon,coll
polkabridge,defi
quirkiesoriginals,coll
akumudragonz,coll
aurafinance,defi
coolpetsnft,coll
decentraland,"prop,mark,game"
psychedelicsanonymousgenesis,coll
bokinft,coll
newdigidaigaku,coll
elftown.wtf,coll
forgottenrunes,coll
moonrunnersofficial,coll
sappyseals,coll
capsulehouse,coll
coolman'suniverse,coll
desperateapewives,coll
guttercatgang,coll
impacttheoryfounder'skey,coll
notokaybears,coll
rektguy,coll
sneakerheadsofficial,coll
swftallchainbridge,exch
terraformsbymathcastles,coll
wonderpals,coll
benjibananas,game
decentraweb,othe
loot,coll
lostpoets,coll
maxpainandfrensbyxcopy,coll
pooltogether,"defi,gamb"
pstakefinance,"defi,fina"
themetakey,coll
uma,defi
arkenfinance,"defi,exch"
bitkeepnftmarket,mark
cryptoadzbygremplin,coll
cryptobatzbyozzyosbourne,coll
cyberkongz,coll
invisiblefriends,coll
llamaversegenesis,coll
mcgoblin.wtf,coll
mypethooligan,coll
nuclearnerdsoftheaccidentalapocalypse,coll
phantabear,coll
rugradiogenesisnft,coll
sablier,"defi,fina"
thelunartics,coll
uniswapv1,exch
uwucrew,coll
worldwidewebbland,coll
adambombsquad,coll
animetas,coll
curiocards,"coll,mark"
deadfellaz,coll
degens,gamb
flufworld,coll
helix,defi
livesofasuna,coll
openocean,"defi,exch"
tinydinos(eth),coll
wise,defi
womenrise,coll
worldofwomen,coll
arc,defi
cream,defi
cryptomories,coll
goblinai,coll
leonicornswap,defi
shiboshis,coll
tokemak,defi
tubbycatsbytubbycollective,coll
abracadabra.money,defi
akutars,coll
bossbeauties,coll
chimpers,coll
cryptodickbutts,coll
dystoapezofficial,coll
eightbitme,coll
ftcofficial,coll
hausphasesbyhaus,coll
mekaverse,coll
mooncatrescue,game
netvrk,game
quest3,othe
rumblekongleague,coll
swampverse,coll
thedogepound,coll
voxels,coll
waxethereumbridge,defi
apocalypticapes,coll
feiprotocol,defi
frontiergame,game
galaxyeggs,coll
gelatonetwork,defi
impostorsgenesisaliens,coll
instadapp,defi
lazylions,coll
lootexplorer,coll
polychainmonsters,coll
thedustland,game
thelittlesnft,coll
theofficialsurreals,coll
voxcollectibles:mirandus,coll
aave,defi
corevault,defi
creatureworldnft,coll
defiplaza,exch
evosnailsnft,coll
expansionpunks,coll
fragmentsbyjamesjean,coll
galacticapes,coll
gossamerseed,coll
hapeprime,coll
hashmasks,coll
karafuru,coll
killergf,coll
muribyhaus,coll
nested,defi
onchainmonkey,coll
primeapeplanetpap,coll
ragnarok,game
rhino,defi
theroguesociety,coll
veecontickets,coll
vulcandex,exch
youbybff,coll
decentralgames,"game,yiel"
divineanarchy,coll
ferrumnetwork,defi
genzee,coll
idle,defi
kiwamigenesis,coll
loomlocknft,coll
minesofdalarniaminingapescollection,coll
nft20,mark
projectnanopass,coll
raidpartyheroes,coll
requestinvoicing,defi
sneakyvampiresyndicate,coll
tokenbatchsender,othe
unicly,exch
voxcollectibles,coll
newwealthmountain,high
zipcy'ssupernormal,coll
avastars,coll
bitcoinbillionaires,coll
cryptobullsociety,coll
cryptoskulls,"coll,medi"
cryptospells,game
curiousaddys'trading,coll
defiyieldprotocol,"defi,yiel"
etherorcs,game
etholvants,coll
farmlandbypixels,game
galaxyfightclub,coll
generativemasks,coll
gh0stlygh0sts,coll
metalegends,coll
metroverse,coll
mintbase,mark
nahfungiblebones,coll
nftworlds,game
octusbridge,defi
perpetualprotocol,exch
robotosofficial,coll
saddlefinance,defi
starcatchers,coll
superlativesecretsociety,coll
thegoobers,coll
weareallgoingtodie,coll
alchemistrewardprogram,defi
apedaoremix!,coll
avariksagauniverse,game
bearcoffeeclubnftfreemint,coll
behodler,defi
bubblegumkids,coll
capitaldaoprotocol,defi
cooldogsnft,coll
cryptotechwomen,coll
crypto.chicks,coll
cryptophunks,coll
dogepoundpuppies,coll
ethlizards,coll
foxfam,coll
fudders,coll
howlerz,coll
knightsofdegen,coll
lonelyalienspaceclub,coll
makersplace,"coll,medi"
melosstudio,mark
metaherouniverse:generativeidentities,coll
metasaursbydr.dmt,coll
obitsofficial,coll
og:crystals,coll
peacefulgroupiesv2,coll
rtfkt-clonexmintvial,coll
sidusnftheroes,game
spacepunksclub,coll
stonercats,coll
sympathyforthedevils,coll
theuncannycountryclub,coll
tofunft,mark
xyfinance,exch
yearn.finance(yfi),defi
airdropme,othe
barnbridge,defi
bastardganpunksv2,coll
bravefrontierheroes,game
cupcatsofficial,coll
cyberbrokers,coll
dinobabies,coll
eswap.tube,defi
ethereumtowers,coll
fanggang,coll
fvck_crystal//,coll
gevols,coll
indexcoop,defi
inventorclubnft,coll
jpgpeoplebydebbietea,coll
kromatikafinance,"defi,exch"
krystaldefi,defi
linksdao,coll
lonelyfroglamboclub,coll
luchadores.io,coll
metahousemafia,coll
mintable,"nft,mark"
nexusmutual,"defi,insu"
niftyleaguedegens,game
noundles,coll
owldao,gamb
playboyrabbitarsofficial,coll
poolsuite-executivemember,coll
popcorn,defi
satoshibles,coll
smoothy.finance,defi
somniumspace,game
thecryptodads,coll
theheartproject,coll
timepiececommunity,coll
unseenuniverse,coll
vesper,defi
wickedapeboneclub,coll
womenandweapons,coll
xp.networkmulti-chainnftbridge,othe
0xvampireproject,coll
admitone,coll
angryboars,coll
apekidsclub(akc),coll
asyncart,coll
axolittles,coll
badbunniesnft,coll
bao.finance,defi
newbitsbot,gamb
blankface,coll
blockchaincuties,game
boonjiproject,coll
bricktopians,coll
chocomint,othe
coolapeclubofficial,coll
crazyskullznft,coll
creaturetoadz,coll
crypt-oinkracingfriends,game
darkhorizon,coll
datamine,defi
dirtybirdflightclub,coll
eponymbyartai,coll
etherealswtf,coll
fatales,coll
firstfirstnfts,coll
flyfrogs,coll
gen.art,coll
gentscroquetclub,coll
groprotocol,defi
immortalplayercharacters(ipcs),game
integral,defi
jadujetpack,coll
junglefreaks,coll
kcg,coll
kingfrogs,coll
knownorigin,mark
kyberswapclassic,exch
marscatsvoyage,coll
mlbchampions,game
mycryptoheroes,"nft,game"
nouns,coll
omnimorphsv2,coll
peakdefi,defi
rally.io,defi
rtfktcapsulespacedrip1.2,coll
sipheriansurge,game
solvprotocol,defi
spookyboyscountryclub,coll
spookyboysmansionparty,coll
strikefinance,defi
sunrisegaming,defi
supducks,coll
superworldarrealestate,game
tewkenaire(eth),high
thedreamers,coll
thesevens(official),coll
thesneakerheadzsociety,coll
thevogucollective,coll
thorguards,coll
timelessnfts,coll
topdogbeachclub,coll
treeverse,coll
voxies,game
wepiggy,defi
wickedcraniums,coll
winterbears,coll
yungapesquadofficial,coll
zombiecats,coll
zunamiprotocol,defi
0xbitcoin,"fina,othe"
888innercircle,coll
afrodroids,coll
akumaorigins,coll
alkemiearn,defi
anonymice,coll
apesinspacenft,coll
apollox,defi
bagholderz,coll
barnowlz,coll
bloctoswap,exch
burnablesnft,coll
capitaldex,exch
newcastaways-theraft,coll
chainrunnersnft,coll
chainfacesarena,coll
chainguardians,game
chibiapes,coll
chillfrogsnft,coll
citadelofthemachines,game
cryptohobos,coll
cryptobots,game
cryptoflowers,"coll,game"
cryptomutts,coll
cryptorastas,coll
curiositiesnft,coll
debridge,defi
dicether,gamb
dopewarsloot,coll
dotdotdots,coll
ethercards,"coll,mark"
ethereumpushnotificationservice(epns),othe
ethwords,"soci,game"
eulerbeats,"coll,nft"
fastfoodfrenscollection,coll
forkdelta,exch
gamblingapesofficial,coll
gauntlets,coll
gen.artdropcollection,coll
grailsbyproofcollective,coll
guppygangmmorpgnft,coll
happyastronauts,coll
hashes,coll
headdao,coll
hor1zontroopers,coll
houseoflegends,coll
incognito,coll
insuraceprotocol,defi
lifestoryapp,coll
magicmushroomclubhouse,coll
matcha,"defi,exch"
matrixworld,game
monkeybetdao,coll
mooniswap,exch
multiversevm,coll
museum-thewhiteroom,coll
mutantpunkscity,coll
mutantcats,coll
niftyriots,coll
non-fungiblepeople,coll
noodles,coll
o3swap,defi
onchainseasides,coll
onx.finance,defi
ooki,defi
partydegenerates,coll
pixelbeasts(beastopia),coll
popopopopopo,coll
punkscomic,coll
punkscapes,coll
quantumcurated,coll
radarstaking,defi
raini:thelordsoflight,game
rebelsealsclub,coll
reflexerlabs,defi
renvm,defi
royalsocietyofplayers,coll
scapes,coll
shibasocialclub,coll
slackerduckpond,coll
slotienft,coll
societyofderivativeapes,coll
spunks,coll
step,soci
supremacy,game
tetra,othe
theevolvingforest,coll
theglitchesnft,coll
theprojecturs,coll
thewynlambo,coll
theyakuzacatssociety,coll
tokenbulksender,"fina,othe"
tokenmultisender,"fina,othe"
twobitbears,coll
wallstbulls,coll
web3nameservice,coll
wizards&dragonsgame,game
wonkystonks,coll
xcarnival,defi
yop,defi
(b)apetaverse,coll
0xmons,coll
0xuniverse,game
2+2genesis,coll
angelbattles,game
angryapesunited,coll
angrydynomiteslab,game
animocabrandslaunchpad,coll
ankrstaking,defi
apileofbones,coll
arcadenft,coll
augmentedfinance,defi
batchtransfer,othe
bearhood,coll
bearmarketbears,coll
betswap,gamb
bifi,defi
bitmonstersv2,coll
blackforttoken,defi
blitmap,coll
blockchainartexchange,"coll,nft"
blockchainminersclubofficial,coll
bloot(notforweaks),coll
bmall,mark
bobodegenapocalypse,coll
bookgamesbyveefriends,coll
broadcastersnft,coll
bullieverse,game
cats-83e1hbca35,coll
catsandwatchessociety,coll
chargedparticles,defi
cheezewizards,game
choadz,coll
citadelgame,game
claylings,coll
cosmomasks,coll
cryptantcrab,game
crypteriors,"coll,nft"
cryptokombat,game
cryptoarte,"nft,othe"
cryptocities.net,game
cryptocrystal,game
cryptocubes,coll
cryptodozer,game
cryptofoxes,coll
cryptopioneers,game
cryptopolz,coll
cyberhornetscolonyclub,coll
daoturtles,coll
dapperdinos,coll
defihelper,defi
dforce,defi
dhedge,"defi,fina"
dmex,exch
dogepirates,"coll,nft"
dogsofelon,coll
dystopunksv2,coll
emberfund,defi
entities,"coll,nft"
etherbots,game
ethermore,game
etherspot,othe
ethsnowball,high
fastfoodnouns,coll
fewmans,coll
fringefinance,defi
frogsindisguise,coll
fusenetwork,othe
gameofblocks,game
genxbyhok,coll
ghostmarket,mark
gooddollar,defi
grillzgang,coll
haloofficial,coll
holycows,coll
hundredfinance,defi
infamousskullz,game
instadapplite,defi
jpegcards,coll
kinesisart,coll
kumoxworldresidents,coll
lobsterdao,coll
madrabbitsriotclub,coll
makc-m1,coll
mannys.game,game
mapsproject,coll
markets.vote,gamb
mars4,game
melon,defi
metavaultdao,defi
miime,"nft,mark"
moonbirdsbatz,coll
mutantgardenseeder,coll
myxnetwork,high
nbayc,coll
nftheo,coll
nfticket,gamb
nftx,coll
non-fungibleheroes,coll
non-fungiblesoup,"coll,nft"
northernguilds,game
octohedzreloaded,coll
officialdormantdragons,coll
olympusdao,defi
openpfp,mark
pepperattack,game
pills,coll
pob,coll
prismnftmarketplace,mark
pumpkinheads,coll
pythagoreanmasks,coll
rarelandnft,coll
realtimenftsniper&sweeper,mark
rocketpool,"defi,deve"
roninbridge,defi
sametoadz,coll
samotclub,coll
sandstorm,mark
savagedroidssd888,coll
sharkoutlawsquad,coll
sneakybatsyndicate,coll
sora'sdreamworid,coll
staticpower,high
strangetimesnft,coll
supershibaclub,coll
superplastic:supergucci,coll
superrare,mark
swervefinance,defi
switchdex,exch
symbiosis,defi
terravirtua,mark
thebeeings,coll
thedropoutbearsnft,coll
themoonboyz,coll
therealgoatsociety,coll
thetokyoten,coll
thekissbygustavklimt,coll
timewarp,defi
tokensets,defi
tracerdao,defi
truchetstyles,coll
unitedmetaversenation,coll
veefriends,coll
videogamedevsquad,coll
warriders,game
wemintwashington,coll
whattyclub,coll
wingfinance,defi
wooshiworldcollection,coll
wrappedpixelmap,coll
xmarketplace,mark
xdao,defi
z-hugebymountvitruvius,coll
zombietoadz,coll
-subtraction-,coll
[day]rings,gamb
0x0art,mark
0xbabylon,othe
0xbitcoincash,"fina,othe"
0xbitconnect,"high,gamb"
0xcate,othe
0xdogecoin,othe
0xdrop,"deve,othe"
0xearth,coll
0xfair[rock–paper–scissors],gamb
0xgame,gamb
0xmultiply,high
0xowns.art,coll
0xracer,gamb
0xracers,game
0xracing,othe
0xverify,exch
0xwarriors,game
1eth,high
100%casino,gamb
100thmonkey,gamb
10finiti,high
12daily,high
1200percent,high
12beteth,gamb
12hourrush,high
12hourtoken,high
12hourtrains,high
1address,"deve,othe"
200eth,high
2545bygr4y,coll
255ethfork,high
2daysprofit,high
2key.network,othe
2xknockout,high
2xmachine,othe
2xeth,gamb
333eth,high
399energy,high
3dayprofits,high
3duel,"game,gamb"
3ether,high
3fmutual,defi
3spaceart,coll
3wordsv2,coll
4outof5,"high,gamb"
4sgaming,gamb
4tune,gamb
50percentdaily,high
50shadesofether,game
50plus,high
520g₲,high
5coins,gamb
5degrees,soci
5eth,high
5inv,high
666eth,high
7fun,gamb
8coins,gamb
8therbank,high
8thereum,high
8zen,gamb
94ethtoolset,othe
9catsaga,coll
9nine,game
9tales,game
àtable!,game
atoyco.,high
a21,gamb
abclotto,gamb
absgoldenmatrix,high
absolutus,high
abstractloot,coll
acebusters,gamb
acedapp,high
acedice,gamb
acereturns,high
adamantx,"defi,fina"
addresswars,game
adrenacointechnology,othe
adrenaline.finance,defi
adsearneth,high
adventurecards,coll
aether,coll
aethia.co,game
afterorder,coll
aipixelbuddies,coll
aionschedulingsystem,"deve,othe"
aircoins,game
airswap,exch
aiwallet,exch
akropolis,"defi,fina"
alcabones,coll
alchemy,"othe,gove"
alchemydao,coll
alchemygod,game
alias.earth,"othe,iden"
alienapeyachtclub,coll
allfor1,gamb
allforone(vfselottery),gamb
allforthewinner,gamb
allbet,gamb
aloss,gamb
alpacacity,defi
alphahomora,defi
alphaplay,gamb
ambergame,high
amex,othe
amisdex,exch
amphorium,othe
amplifyprotocol,defi
angoname,mark
animalcoloringbook,coll
animalsocietyv2,coll
animegangnft,coll
anomus,soci
anrkeyx,coll
anti-gravity,high
apexone,high
apextwo,high
apyvision,defi
aquathereum,game
arbenis,high
arcmarketplace,mark
arcaneuniverse,othe
arconax-realityuniverse,game
ariesfinancial,defi
arkprotocol,soci
arpagames,gamb
artwars|aw,coll
art.txt,coll
artèq,mark
asmaifagenesis,game
asterisma,coll
atomex,exch
atommix,coll
auctionity,"nft,mark"
augur,"exch,othe"
aureum.gg,gamb
autoglyphs,coll
avidlines,coll
avocado'smmoclicker,game
avstars.io,game
aworld,defi
axieinfinity,game
axioms,othe
b.protocol,defi
baccarat-eth,gamb
backrunme,defi
baconswap,defi
badkidsalleyofficial,coll
baex,defi
ballandblockchain,othe
ball3d,gamb
balloons3d,gamb
bamboorelay,exch
bamboodefi,"defi,fina"
bamboozlers,coll
bancor,exch
bankheist4d,gamb
bankofethereum,high
bankexsmartjustice,othe
bankofeth,high
bankrollvault,defi
banksterfarmingidle,high
basementdwellersv2,coll
bastionprotocol,defi
basξdvitalik,"coll,nft"
battlederps,game
battlefestivalpre-sale,game
battleracers,game
battlesquirrels,coll
bauhausblocks,"coll,nft"
bcshop.io,mark
befirstlotto,gamb
bearescape,gamb
beargamenft,coll
bee2,defi
bellaprotocol,defi
benddao,defi
benow.fun,high
betdex,gamb
betworld,gamb
bet100,gamb
betbeb,high
betðapp,othe
betgame,gamb
bethash-1,0
bethorde,gamb
betoken,"fina,othe"
betpool,gamb
betrbetting,gamb
beyondnft,coll
bfs-access,coll
bi.link,exch
bigbrainsociety,coll
bigdataprotocol,defi
bigfamily,high
bighealthinvestmentmanagementplatform,high
bigfish,gamb
bilibit,othe
billiondollarmarketcap,coll
billionmoney,high
billionairebearclub,coll
billiondollardapp,coll
billiontix,"game,gamb"
bingobingo,gamb
birbs,"coll,nft"
birdchain,defi
bisket,mark
bit2me,exch
bitbtcprotocol,defi
bitcoinpricepredict,gamb
bitcoinprice.bet,gamb
bitconnect,high
bitcratic,exch
biteye,exch
bitgallery,game
bitpainting-earlyaccess,mark
bitpieethbatchsender-比特派批量发币,othe
bitpif,defi
bitponies,"coll,game"
bitscoresfinance,"defi,yiel"
bitsforai,"coll,nft"
bitsoccer,game
bitswing,gamb
bitverk,exch
bitvideo.one,othe
bitxnetwork,high
blablagame,game
blackgoldethereum,high
blackorwhiteballoons,gamb
blackpearl,high
blackpearl-eth,high
blockstackgame,game
blockasino,gamb
blockbank,defi
blockbits.io,othe
blockchainbikers,coll
blockchainmonsterhunt,game
blockchainspace,game
blockchina,game
blockcities,game
blockfight,"game,gamb"
blockgame,gamb
blockimmo,"othe,prop"
blockletegolf,game
blocklord,"othe,game"
blocklords,game
blockmagic,game
blockonix,exch
blockscores,"soci,othe"
blocksheep,othe
blockstates,game
blockwar,gamb
bloom,"fina,othe"
bloqboard,"defi,othe"
bluechipfund,high
bluechiprevolution,high
bmlegend,game
bmby,coll
bnplpay,defi
bobocash,coll
bombs.win,game
bondappetit,defi
bondly,coll
bonfire,"othe,gamb"
boobank,defi
boom,soci
boostoprelaunch,gamb
boostpro,high
boredapechemistryclub,coll
boredpaperhead,coll
boredvitalikmoonclub,coll
boredweirdvitalikclub,coll
boringdao,defi
boringstonegenesis,coll
borpacasso,coll
bountiesnetwork,"mark,othe"
bounty0x,"mark,othe"
bounty60,high
bountythug,coll
braintrust,othe
brave3d,gamb
brewlabs,defi
brickgame,gamb
brickken,"mark,othe"
bring.finance,defi
brokolinetwork,defi
brushstrokesby0xculture,coll
bt.finance,defi
btc365cryptocasino,gamb
bullionix,coll
bullrun,"high,fina"
bullrunbabes™,coll
bullrunnetwork,high
bullrunv4,high
bullrunv8gold,high
bullrun2,high
bullrun3,high
bullrun4,high
bullrun5,high
bullsandcows.eth,gamb
bullstake,high
bulvrdteam,othe
bumper,defi
burnup,game
burstbet,gamb
burstbet.win,gamb
buythefloornftexchange,exch
bws股币式游戏,gamb
cablemonkeys,coll
caesar.finance,defi
caesar'striumph,game
cagememeindex,defi
caishen,"fina,othe"
candlegenie,gamb
candyclaims,game
candydex,high
candyfroge,high
canvaislandavatars,coll
newcapitaldaoprotocol,othe
capsol,"soci,medi"
carboneco,mark
cardma,othe
carpedao,"defi,nft"
carwars.cc,game
cashcow,"game,gamb"
cashbackmoney,high
casinofair(fun),gamb
castlebuidl,game
catchcatch,gamb
catdaddyidentity,"coll,soci"
catgirlacademia,coll
catscorporation,coll
caverncores,othe
cbooster,defi
celebs.party,game
cellland,"nft,othe"
celletf,"defi,fina"
cellstaking,"high,fina"
cent,soci
certy,"othe,stor"
cexiswap,exch
chadnft,coll
chaingames,game
chainrunning(链跑图),othe
chainsaw,mark
chainbreakers,game
chainclouding,high
chainfaces,coll
chainlinknexus,high
chainprison,gamb
chaintext,"coll,nft"
chainzarena-playandearn,game
champions:ascension,game
chaoticdjs,coll
chibifighters,game
chibifighters2.0,game
chiccow&bullzz,coll
chickenfinance,defi
chickenpark,gamb
chickenhunt,game
chooseyourside,game
chronos,"deve,game"
churn,high
circleramide,game
citadao,defi
citymayor,"mark,game"
civd,game
claim,defi
clashhash,gamb
clashofcoins,game
clearpoll,"othe,gove"
clearpool,defi
clipperdex,defi
cloid,game
clonezone,high
closea,mark
cloversnetwork,coll
clubrare,mark
cocoricos,defi
cofix,"defi,exch"
coinmirror,"fina,othe"
coinwind,defi
coinbattle,gamb
coinchangex,exch
coinected,exch
coinflash,high
coinflip,gamb
coinpassport,othe
coinpledge,"othe,game"
coinpoker,gamb
coinrace,gamb
coinskarma,othe
coinsloot,gamb
coinslot,gamb
coinstacks,game
coinx,"defi,exch"
cokebet,gamb
collarquest,game
coloron,high
coloronboosterpools,high
coloronv1,high
coloron2,high
combine.finance,defi
commonwealth.ggewlth,high
communitygaming,game
complifi,defi
compoundex,high
conic,defi
conniedigital,"coll,medi"
conquestofetherea,gamb
contagion,gamb
contractservant,game
convergencefinance,defi
convergentbillboard,othe
copa2018-tradingcards,game
copadelcrypto,game
coreto,soci
corrently,othe
cosmicdice,gamb
cosmoart,coll
cosmobugs,coll
cosmodoodle,coll
cosmomaskslimitedpack,coll
cosmoswap,defi
countdown3d,gamb
counter,exch
counterstake,defi
coverprotocol,defi
cowboyfinance,defi
craiggrantnow,othe
crazydefenseheroes,game
crazybet,gamb
creasurequest,game
credefifinance,defi
critterzgenesis,coll
crnft,mark
cropbytes,game
crossmint,coll
crowdswap,defi
crypland,game
crypticconjure,game
crypto3kingdom,game
cryptoallstars,coll
cryptoanddragons,game
cryptobarons,game
cryptobattlegrounds,game
cryptoblocksnftminter,defi
cryptobrawlers,gamb
cryptoburrito,game
cryptocapsule,"defi,othe,tool"
cryptocards,high
cryptochampions,game
cryptocolors,game
cryptocommand,game
cryptoderby,game
cryptodm,othe
cryptodynasty,game
cryptodynasty(eth),game
cryptofootball,game
cryptoformulas,othe
cryptogamingcoin,game
cryptogemalliance,coll
cryptoguzgan,coll
cryptohodlfund,high
cryptohodlers,coll
cryptokotaku,game
cryptolandmarks,game
cryptolife,high
cryptolottery,"game,gamb"
cryptomayor,game
cryptominerplus,high
cryptominertoken,high
cryptominertokenclassic,high
cryptominertokenmultiplier,high
cryptomultisender,"fina,othe"
cryptonijigen,game
cryptoninja,game
cryptopepemarket,game
cryptopoliticians,game
cryptopoopgame,game
cryptoracercars,coll
cryptoracingleague,game
cryptorides,game
cryptosanta,"coll,othe,game"
cryptosim,game
cryptosportz,gamb
cryptosprites,game
cryptostockmarket,game
cryptosupergirlfriend,coll
cryptosurge,high
cryptosurprise,game
cryptotakeovers,game
cryptotittiez,game
cryptotoothclub,coll
cryptotreasuresofmanno'taur,othe
cryptotulips,game
cryptoversus,game
cryptovolatilityindex(cvi),defi
cryptowaifus,game
crypto-cards,"coll,mark"
crypto-ocean,game
crypto-rockpaperscissor,gamb
crypto-twitch.tv,game
crypto.comdefiwallet,"defi,wall"
cryptoalchemy.io,game
cryptoamulets,coll
cryptoarts,coll
cryptoartworks,othe
cryptoassault,game
cryptoassetfight,game
cryptoatoms,"coll,game"
cryptoballers,game
cryptobeasties,game
cryptobeauty,game
cryptobots:idle,game
cryptobundle,mark
cryptocaesar,gamb
cryptocanvas,"coll,game"
cryptocare,"coll,game"
cryptocars,game
cryptocats,game
cryptocelebrities,game
cryptocelebrity,game
cryptocities,game
cryptococktailbar,game
cryptocollector,game
cryptocompanies,game
cryptoconquest,"game,gamb"
cryptoconsole,game
cryptoconstellations,coll
cryptocountries,high
cryptocovfefes,othe
cryptocubansocialclub,coll
cryptocuddles,game
cryptocup,"game,gamb"
cryptodate,coll
cryptodaysmicro,high
cryptodaysprofi,high
cryptodaysstandart,high
cryptodeads,game
cryptodice,gamb
cryptodice2,gamb
cryptodogz,coll
cryptodragons,gamb
cryptoduel,gamb
cryptoelections,game
cryptoelements,game
cryptoemoji,"soci,game"
cryptoemojis,game
cryptoempirez,game
cryptofamous,game
cryptofeather,game
cryptofighters,"mark,game"
cryptofights,game
cryptofishing,gamb
cryptoflipcars,game
cryptofollowers,"high,game"
cryptogame.bet,gamb
cryptogems,"othe,game"
cryptogirl,game
cryptogit,game
cryptogods,game
cryptogol.io,game
cryptograph,"coll,nft"
cryptographics,"coll,medi"
cryptogrids,"othe,game"
cryptogs,game
cryptohands,"high,fina"
cryptohearthstone,gamb
cryptohero,game
cryptohoma,high
cryptohongkong,game
cryptohoodclub,coll
cryptohootssteampunkparliament,coll
cryptohoroscope,game
cryptohorse,"mark,game"
cryptoidols,coll
cryptojackpot,game
cryptojingles,coll
cryptokiddytoys,game
cryptolandy,game
cryptoleaders,game
cryptolibraries,game
cryptolotto,gamb
cryptolympictorch,"othe,game"
cryptoman,game
cryptomasterpieces,game
cryptomemes,game
cryptomemes.fun,game
cryptomibs,game
cryptomilitary,game
cryptominerworld,game
cryptomines.pro,game
cryptominingwar,game
cryptomon,game
cryptomorph,coll
cryptomotors,"othe,game"
cryptomovies,game
cryptomyword,othe
cryptonames,game
cryptonsgame,game
cryptonumismat,game
cryptopainting,game
cryptopepes,game
cryptopets,game
cryptophoenixes,game
cryptophones,game
cryptopinions,game
cryptopixels,game
cryptopizza,game
cryptoplaces,game
cryptoplanet,game
cryptopokers,game
cryptopolis,game
cryptoponies,game
cryptopornstars,game
cryptopot,"fina,othe"
cryptopuppies,game
cryptoracing-matchday,game
cryptoracing.club,game
cryptoranch,"high,gamb"
cryptorank,gamb
cryptorentcar,game
cryptosaga,game
cryptosender,othe
cryptoserval,game
cryptoships,game
cryptosketches,"medi,othe"
cryptosoccer,game
cryptosoccr,"coll,game"
cryptosolarsystem,game
cryptosouls,coll
cryptospacex,game
cryptospin,game
cryptospinners,game
cryptosports,game
cryptosportstars,game
cryptoss,gamb
cryptostarz,coll
cryptostrikers,"coll,game"
cryptostrippers,high
cryptot,game
cryptotomatoes,high
cryptotracks,othe
cryptotreasure2.5,game
cryptotubers,game
cryptotycoons,gamb
cryptovideogames,coll
cryptowager,"game,gamb"
cryptowars,game
cryptowars.ga,high
cryptowatches,game
cryptoweddings,"soci,othe"
cryptower,game
cryptoworldcup,"game,gamb"
cryptozigzag,game
cryptozodiac,exch
cryptozombieznft,coll
csc(cryptospacecommander),game
cshox,coll
cubego,game
cudl.finance,game
cup.finance,defi
curate,mark
cxxexchange,high
cybergirlmetaverse,coll
cybergorillasofficial,coll
cyberbabies.io,coll
cyberchads,coll
cyberfmradio,othe
cybonixgenesis,coll
cypherbank,high
d2w.bet,gamb
d8xexchange,exch
daextrade,"defi,yiel"
dafiprotocol,defi
daily115percent,high
daily125percent,high
dailyfantasysports,gamb
dailydivsnetwork,high
dailydivsvip,high
damienhirst-thecurrency,coll
dankcoin,"exch,othe"
daoplaymarket2.0,mark
dao.vc,high
daoventures,defi
dapcar,game
dappwinner,high
dapp-world,mark
dappbridge,"deve,othe"
dappbuilder,othe
dappcaps,coll
dappcluster,defi
dappdex,exch
dappincubator,"defi,high"
dappingeth,gamb
dappleairdrops,"fina,othe"
dappround,gamb
dappsoccer,gamb
darkcountry,game
darkforest,game
darkwinds,game
dauber.io,gamb
dcollect,coll
dcup,game
dda,othe
ddex,exch
ddexmargin,exch
ddexx,exch
deafbeefv2,coll
deathcombat,coll
decentether,"high,fina"
decentralisedtodolist,othe
decentraplot,soci
deepspaceexplorer,coll
deerfi,defi
deesse,game
defisaver,defi
defi2,high
defiato,exch
defigroup.ch-eth,high
defil,defi
define,coll
definer,defi
defipie,defi
defistarter,defi
deflast,defi
degensfarm,coll
degenswap,defi
degofinance,defi
dehive,defi
delight,game
delphi,"defi,yiel"
delta.theta,defi
democraticluck,gamb
demodyfi,defi
den,soci
denations|decentralizednations,defi
derivadex|insurancefund,defi
despaceprotocol,defi
dether,"exch,mark"
deurovision,othe
deuseth,othe
devcash,"deve,othe"
deversifi,exch
dexbrokerage,exch
dexfarm,exch
dex.ag,exch
dex.blue,"defi,exch"
dex.io,"defi,exch"
dex.top,exch
dexy,exch
dfbtc,defi
dforcetrade,exch
dfsocialgaming,game
dg_alphawolf,gamb
dgamemeta,mark
dgenesisdgenautomatons,coll
dgmonster,gamb
diamonddividends,high
diamondclub,high
diamondsareforever,high
diana,coll
dice.finance,gamb
dice2.win,gamb
diceroll.app,gamb
digiartworld,othe
digitalartchain,"medi,othe"
digitalcollectibles,"coll,medi"
digitaldeal,"fina,othe"
digitalax,othe
dimpull,othe
dinngo,exch
dinofarmland,high
dinopolis,game
dintfinance,defi
direwolves,coll
disshacker,gamb
divi10,othe
dividendsnetwork,high
diviumx2,othe
divs4d,high
divvy,othe
diypunks,coll
dmarket,coll
document,"nft,othe"
dogesontrial,"gove,game"
dokidokifinance,defi
dolce&gabbana:dgfamilyglassbox,coll
domionline,game
donutchain,gamb
doodlekongz,coll
doperaider,game
dotoracle,defi
doubleether,high
doubleprofit,high
doubleprotocol,mark
doubleyourbubble,high
doublerps,game
doubleway,high
dozerbird,game
dponzi,high
draculaprotocol,defi
dragonking,game
dragonmaster,game
dragontiger,gamb
dragontreasure,gamb
dragonereum,game
dragoneth,"nft,game"
dragonhodl,game
dragonsofmidgard,game
drakons,game
drcvault,defi
dreamofthewestjourney,gamb
dreamersbyyugal,coll
dreamgame,gamb
dreampot,gamb
dreamr,soci
drumpfs,"coll,nft"
dsg-coinflipper,gamb
dsg-dice,gamb
dsg-turntable,gamb
dslot,gamb
dtfm,mark
dtnet.me,defi
dto.tech,soci
dubiex,exch
duoricelavaethtoken,high
duskbreakers,coll
dutchx,exch
dvisionnetwork,game
dworld,othe
dx,defi
dxdao,othe
dyor.monster,othe
dyverse,coll
ðappster,othe
e-jackpot,gamb
e25,gamb
e2dgame,high
e2x,defi
e3d,high
earnflash-50%moreearning.,high
easyether,"wall,othe"
easyinvest,high
easyinvest10,high
easyinvest20,high
easyinvest5,high
easyinvest6%,high
easyinvest7,high
easyinvestforever,high
easyinvestup,high
easysmart,high
easyfinetwork,defi
easyinvest+5%fork,high
easyinvest10.app,high
easylevel,high
easypool,high
easytrade,exch
ebonds,high
ebox,defi
eceto,"defi,high"
economeme,game
economeme.io,othe
edgeless,gamb
eft,"high,gamb"
eggfrenzy,gamb
eggrypto,"nft,game"
egoras,defi
eidoo,defi
elenaprotocol,defi
elephantluck.cash,high
elfprincessclub,coll
elvantis,game
elyfi,defi
elyxr,gamb
emiswap,defi
emojiblockchain,game
emontfrenzy:collectemont!,game
emoon,"wall,mark"
emporium.finance,defi
empow,othe
enclavesdex,exch
energyefficientethereum,othe
enotoken,othe
ensnifty,"nft,othe"
newenvelop,othe
enzymefinance,defi
eosbet,gamb
epigeon,soci
ercbet,gamb
erc1155<->erc20<->ethbridge,exch
ercotc,exch
escrowmyether,"secu,othe"
esportsguess,gamb
eternallove,"soci,othe"
eterney,soci
etgfinance,defi
ethbankpro,"high,fina"
ethbattles,game
ethbirds,game
ethboardgame,gamb
ethcompounding(realtrades),high
ethcrates,high
ethdinosaurfarmer,high
ethdragonballzfarm,high
ethdragonfarm,high
ethfighter,game
ethflow,high
ethfortnite,high
ethgalaxy,gamb
ethgods,gamb
ethgrid,"othe,game"
ethking,"high,game"
ethmagic,high
ethminer,high
ethmultilevelreferral,othe
ethonfire,gamb
ethraffle,gamb
ethrevolution,high
ethsmartinvest,high
ethsupreme,high
ethx2,high
eth-lottery,gamb
eth-smart,high
eth.town!,game
eth10k,game
eth17,"game,gamb"
eth2,"fina,othe"
eth2stake,defi
eth20,high
eth242,high
eth2x,gamb
eth2xfund,high
eth4club,high
eth50k,high
eth666,high
etharea,game
ethbattle,gamb
ethblockart,coll
ethboard,"soci,othe"
ethbox,gamb
ethbull,high
ethbutton.io,game
ethcapsule,"fina,othe"
ethcash.online,high
ethcasino.club,gamb
ethcity,game
ethcoinflip,gamb
ethcrystal,gamb
ethdice,gamb
ethedge,high
ethen,exch
etheralligatorsfarm,high
etheranthills,game
etherbasketball,game
etherbattleground,othe
ethercartel,game
ethercashlinks,othe
etherchickenfarm,high
ethercities,game
ethercity,high
ethercrocsfarm,high
etherderby,gamb
etherdiamonds,high
etherdragonballz,game
etherdungeon:ageofmyth,game
etherestates,game
ethergame,high
ethergarden,"high,game"
etherglobal,high
ethergoo-idlegame,game
etherhell,othe
etherjapanesepornstars,game
etherlasvegas,"game,gamb"
etherleague,game
ethermagic,high
ethermarriage,othe
ethermax,high
ethermortyfarm,high
ethermusicproject,othe
ethernumbers,game
etheronline:theethagon,game
etherowlsnest-idlegame,game
etherpiggybank,othe
etherrangers,game
ethershrimpfarm,"high,game"
ethershroomsfarm,high
etherthieves,game
etherthreekingdoms,game
ethertrumpfarm,"high,game"
etheruniverse,game
ethervoxelspace,othe
etherworldcup,gamb
etherworldwidecup,game
ether-boyquest,othe
ether'sark,game
ether#color,game
ether255,gamb
ethera,high
ethera•uk,high
etheradz,othe
etherass,coll
etherate,gamb
etherathletes.io,game
etherbank,"defi,high"
etherbeter,gamb
etherbillion,high
etherbo$$,high
etherbot,high
etherbucks,"coll,nft"
etherc,exch
ethercardsonline-tradingcardgame,game
etherchat,othe
etherchestecosystem,defi
etherchicks,coll
etherchohan,gamb
ethercraft,"mark,game"
ethercup,game
ethercup2018,game
ethercup.co,coll
etherdank,game
etherdate,game
etherdice,gamb
etherdick,othe
etherdie,gamb
etherdna,"wall,othe"
etherdoek,"coll,medi"
etherdoodle,game
etherdragonsarena,game
etherdrop,gamb
etheremojis,game
etherempire,"exch,othe"
ethereumalarmclock,"deve,othe"
ethereumauction,high
ethereumbillboard,"soci,medi"
ethereumbonds,othe
ethereumcapitaltoken,"high,game"
ethereumchickenfarm,"high,game"
ethereumcutecatfarm,high
ethereumdiamond,high
ethereumdoubler,"high,fina"
ethereumfinance,defi
ethereumjackpot,gamb
ethereummiddleman,othe
ethereummultiverse,coll
ethereumtree,high
ethereumunion,high
ethereumvault,othe
ethereumads,"mark,othe"
ethereumbutton,game
ethereumgold.io,high
ethereums•cash,high
etherfactory.biz,game
etherfalcon-idlegame,game
etherfarmdevsimulator,high
etherfen-digitalgraveonblockchain,othe
etherflip,gamb
ethergalaxies,game
etherhabits,"soci,othe"
etherhash,"wall,othe"
etherhero,game
etherhilo,gamb
etherhives,high
etherholders,high
etherich,othe
etherions,game
etherislands,game
etherjack.io,othe
etherjack21,gamb
etherjackpot,gamb
etherkar,othe
etherking,high
etherkingdoms,game
etherknight,game
etherkun,game
etherlambos,game
etherlife,high
etherlly,high
etherloot,game
etherlottery,gamb
ethermage以太幻术师,game
ethermeals,game
etherminerpro,high
etherminewar,game
ethermium,exch
ethermon,game
ethermonkeys,coll
ethernaalmarketplace,mark
ethernalbridge,"soci,othe"
ethernalcup,game
ethernalmessage,othe
ethernalwall,coll
ethernalgo,game
ethername,"othe,prop"
ethernauts.co,game
ethernitymoney,high
ethernity5,high
ethero,game
etheroll,gamb
etheropoly,othe
etheroulette,gamb
etherpaint,game
etherpointers,othe
etherpoker,gamb
etherpoly,game
etherpoolnetwork,high
etherpornstars,"soci,game"
etherprincesses,game
etherprofits,high
etherrich,high
etherrockets,game
etherscapes,coll
ethershare,"high,soci"
ethersmart,high
etherspace,game
etherspermbank,game
ethersport,gamb
ethersquares,game
etherstake,gamb
etherstakebusiness,high
etherstrike,game
ethertote,gamb
ethertreasury,defi
ethertycoon,"high,game"
etherush,game
ethervillains,game
ethervote,othe
etherwaifus,game
etherwheels,game
etherwinx300,gamb
etherwins,high
etherworld,game
etherwow,gamb
etherx,othe
ethex,"exch,gamb"
ethfish,gamb
ethflipper,gamb
ethfz,gamb
ethgain,"high,soci"
ethgame.online,gamb
ethgg,gamb
ethimals-yourblockchainpet!,game
ethjackpot,"high,gamb"
ethkassa,high
ethkeephand,gamb
ethlance,"soci,othe"
ethlend,"fina,othe"
ethlikes,othe
ethlot,gamb
ethlus-draw&winanycrypto,gamb
ethmap,game
ethmash,gamb
ethmatrix~multiplyyourethereum!,high
ethmax.finance,defi
ethmlm,high
ethmojibeta,game
ethmonsters,"high,game"
ethnite,gamb
ethopia,game
ethorse,gamb
ethpark.cc,gamb
ethphoenix,othe
ethpiranha,game
ethpire,defi
ethpixel,"high,medi"
ethpizzeriaonline,game
ethplace,othe
ethpolls,"othe,gove"
ethprime,high
ethprofit.io,high
ethrisk,gamb
ethroll,gamb
ethrun,high
ethsign,othe
ethskytrix,high
ethsnakes,"game,gamb"
ethsqr-socialethlottery,gamb
ethup,high
ethverse,"nft,game"
ethwins,gamb
ethwuxia,othe
ethxeth,high
eth骰子,gamb
etrix,high
etxglobal,high
eulerbeatsenigma,coll
euphoria,gamb
everbin,"othe,tool"
everdragons,game
evereth,defi
everydayroi,high
evodefibridge,othe
evolution1,high
evolutionland,game
evolv,"exch,high"
evolvedapesinc,coll
exa25-earn25timesprofit,high
exciteprice,gamb
exclusiblealpha,coll
exitfraud,gamb
exnce,exch
exoplanets,game
exorbux,high
exorbuxking,high
explorenft,mark
expoinvest,high
ezer.io,gamb
f1deltatime,game
f3dgo,gamb
f3dplus,gamb
f3g,high
factbar,"soci,othe"
faircity,game
fairdapp-infinity,gamb
fairdappgamingplatform,gamb
fairgrounds,gamb
fairhouse,gamb
fairspintoken,gamb
familyonlytokens,high
newfancirclesgenesisnft,coll
fantasyfootballfund,game
farsite,game
fast10eth,high
fast2win,high
fck,gamb
fdlotto,gamb
fenixeasy,high
fennixsmartcontract,high
feudalz,coll
fiatdex,exch
fiftyflip,gamb
fightclub,othe
findtherabbit,gamb
finnexus,defi
firelotto,gamb
firestakefinance,high
firstevernft,coll
firstbet,"high,gamb"
fiscus.fyi,defi
fiscus.fyidice,gamb
fishfarm,high
fishbank,"mark,game"
fivepercent,high
fiveshort,gamb
fizzy,othe
flair,othe
flametoken,defi
flappyfruit,game
flip,gamb
floatingtowers,game
floorbots,coll
floorpricepredictiongame,game
flowerpatch,game
flume,coll
flurryfinance,defi
flypeprotocol,defi
flytothemoon,gamb
fomoforevereif,high
fomolightning,gamb
fomoshort,gamb
fomosuper,gamb
fomo2d,gamb
fomo2moon,gamb
fomo3d,gamb
fomo3dloop,gamb
fomo3d:reboot,high
fomo4d,gamb
fomo4dchess,gamb
fomo5k,high
fomocube,high
fomoeth,high
fomofive,gamb
fomogame,gamb
fomopool,high
fomosports,gamb
fomounlimited,gamb
fomowar,gamb
foobet,gamb
footbattle,"nft,game"
forbitspace,defi
forgivenet™,"soci,othe"
formosart,mark
fornage,high
forsage,high
fortis,gamb
fortube,defi
fortunecats,coll
fortunepandas,coll
fortunes,othe
fortunity-jackpotlottery,gamb
foundercards,high
foxgameofficial,coll
fractional,mark
fraktal,coll
framecbattle,game
fraxfinance,defi
freakingawesomeblockchaingames(fabg),game
freecell,gamb
freedomdividendswap,defi
freeinvestment,high
freeliquid,defi
freera,high
fuxi,coll
fud3d,gamb
fudfarm,coll
fujibank,high
fulcrum,defi
fullfomo,gamb
funcoin,othe
fundingsecured,gamb
funfacebycraiggrant,othe
furucombo,defi
fusionapes,coll
fx99,high
fxswap,defi
gachadass,"coll,game"
gaincrypto,high
gainmers,gamb
galagetgameasnft,game
galaxy.credit,defi
galaxyeth,gamb
galler,mark
gallery6,"game,gamb"
gameofgold,high
gameofswords,gamb
game365,gamb
gamecard,othe
gametalktalk,soci
garlicpool,high
gaswars,othe
gaxthereum,"high,soci"
gazetv,soci
gb+fromgoalbonanza,gamb
gciwin,gamb
gearsofdeath,game
gearsoffamine,game
gearsofwar,game
gemlocator,defi
gemfi,game
genea.i.dols,game
genesisbloodshedbears,coll
genhall,coll
geoeth,game
getco8,gamb
getethbet,gamb
getethinvest,high
getrichfaster,high
getthebid,gamb
ghostbymcafee,othe
ghosttown,high
gift2.win-抢礼物,gamb
giftomon,game
gigachadnft,coll
givetogether,othe
giveth,"soci,othe"
glare,"defi,high"
glia.icu,coll
glitchgoonseth,game
gnosisprotocol,exch
gopocket,othe
goalbonanza,othe
goatclash,gamb
god.game,gamb
godsunchained,game
godspeed,coll
goldenkingdom,"high,gamb"
golom|nftmarketplace,mark
goodboisociety,coll
goodluckcasino,gamb
gooptroop,coll
gorgona,high
gorgonaroulette,gamb
gotdragonfarm,high
gpuminingsimulator,game
graffethi,othe
grandtheftfomo,gamb
grandiose,high
grandroulette,gamb
greedforcharity,gamb
greedvsfear,gamb
greedy599,gamb
greenchipfund,high
greenethereus,high
greenrabbit'skingdom,high
greentoken(ethereum),othe
greenethereus6%,high
griptoken,othe
growdrop,othe
gtoncapital,defi
guessgame,"game,gamb"
guessether,gamb
guessingworldcup,othe
guildofguardians,game
gutterspeciesmintpass,coll
h-tokens,defi
h3x,high
habboavatars,coll
halloweenbears,coll
halo3d,othe
halodogepound,othe
handshake,othe
happyfair,high
harjcoin,othe
harvestfinance,defi
hashbet,gamb
hashblobs,coll
hashbonrocket,defi
hashkingsplanet,game
hashworld,game
hbdex,"nft,exch"
hbtt.staking,defi
hbys,gamb
hdx20,"high,game"
hedgehog,defi
hedgeyfinance,defi
hedgie,coll
hegic,defi
hellodogs,coll
herocoin,gamb
heroesofethereum,game
heroesofevermore,game
hexjackpot,gamb
hexshrimpfarmer,high
hextoys,coll
hex2,high
hexagram,gamb
hexfomo,high
hexrun-multiplyyourhex,high
hi.com,soci
hiddeninnoise,coll
highlander,gamb
highmonkey,coll
hiprecious,game
hipster,game
hit100million,gamb
hitthecrypto,game
hive,othe
hodlearth,game
hodlmybeer,othe
hodlst,game
hodler,game
hodltree,defi
hogsmash,game
hohogame,gamb
holdefi,defi
hotblock.io,gamb
hotlot,gamb
hours25,high
houseofgoblins,game
howmanypeoplepaid0.0015eth,othe
humanapp,othe
humanitycards,game
humanitydao,othe
hxybet,defi
hxymoney,defi
hydropay,othe
hyipdappturbo,high
hyip-r-eth,high
hypeblocks,coll
hypefork,game
hyperdragons,game
hyperfair,gamb
hypersign,othe
hypersnakes,game
hyundaimetamobility-shootingstar,coll
iamcryptorich,game
ibg,defi
ibizatoken,defi
ideamarket,soci
ideaology,defi
idigitalnotary,"othe,iden"
idlefinance,"defi,yiel"
idosgames,game
ikbcachetdegarantie,coll
imfomo,gamb
imkg-掘金之王,gamb
imon-intelligentmonsters,coll
imperialthrone,game
impermanentdigital,coll
inthemiddle,gamb
incognitodex,exch
indorse,"soci,othe"
infecttheworld,game
infinitearcade,game
infinitestars,gamb
infinitesai,coll
infinitimoney,high
infinityhourglass,othe
infinitystar,"nft,game"
influence.vote,othe
ingress,othe
instalottos,gamb
instantlott,gamb
insuredao,defi
interbet,gamb
intersmart,high
interstellars.io,high
intime,gamb
inugamiworld,game
inversefinance,"defi,yiel"
invictusmarginlending,"fina,othe"
invither,high
inxight,"soci,othe"
ioe,high
iotexvotingportal,othe
iqeon,game
iqiexchange,high
ironhandscoin,othe
ironhandscommerce,othe
itemmarket,game
ither.pro,high
iyusdi,coll
izumifinance,defi
jackalskingdom,high
jackpotnow,gamb
jacksorbetterpoker,gamb
jaguarsdao,coll
janponwar,gamb
jelloswap,high
jelly,othe
jellyswap,exch
jftw,high
jiggsrezurrection,high
jockeyclub,game
johnorionyoung,"coll,prop"
joyso,exch
jpegvaultdao,coll
jpyc,othe
juggerswap,defi
junglescratch,gamb
juststeak,coll
justcoin,othe
justgame-endlessgame,high
justliquidityethfarming,defi
justmoneyswap,exch
kaibadefi,defi
kaibaearn,defi
kakuancasino,gamb
kamagang,coll
kattana,defi
keecoin,defi
keeperdao,defi
keepguess,gamb
keju,high
kelpiewallet,"wall,othe"
keyfi,defi
kickup!,"high,fina"
killfish.io,high
kimchifinance,defi
kimjongcrypto,game
kineprotocol,defi
kingofeth,game
kingofpoker,gamb
kingofthebill,"soci,othe"
kingofthecryptohill,game
kingtoken,high
kingdometh,high
kingdomsbeyond,game
kinglovin,game
kitten.finance,defi
kittyinu,game
kittyethpics,game
kittyhats,game
kittyjackpot,gamb
kittypillar,game
kiwi,"nft,othe"
klaytnhorizon,othe
knightstory,"nft,game"
knightsonchain,game
koalaintelligenceagency,coll
kohixeepmoncitylights,coll
kokeshiworld,coll
koolbar,coll
koreanfomo3d,gamb
kovrita.io,high
kp2r.network,defi
kripton,defi
kryptium,gamb
kryptowar,game
kuddlykoalas,coll
kudos,"soci,othe"
kwikswapprotocol,exch
kyber,exch
labelfoundation,othe
laborx,mark
lambofunds,high
landdaogenesis,coll
landsecrets,"game,gamb"
lastflipwins&lowriskbag,game
lastpixel,gamb
lastunicorn,gamb
leeroy,othe
legasys,othe
legendofholysword,game
lempiverse,game
lendfme,defi
leprechaun,high
lescovex,exch
levereth,othe
leverj,defi
lifebook,othe
lifecollection,coll
lifelottery,gamb
lighttrailrush-ltr,game
likesearch,othe
limeeyes,"coll,prop"
limitless,gamb
linearfinance,defi
link3d,high
linkfomo,gamb
linkswap,"defi,exch"
newlionkingatjob,coll
lion'sshare,high
liqee,defi
newliquidifty,mark
livepeer,soci
loadnetwork,defi
lobsterfarm,high
localcryptos,exch
lock,"fina,othe"
lockdownlemmings,coll
lockedin,othe
lofikitties,game
logium,defi
logoipsum,defi
looprdex,exch
loopringexchange,exch
loopydonuts,coll
loot(forscammers),coll
lootforlosers,coll
lootth,game
lootether,high
lootex,mark
lordless,game
lordsofthesnails,"high,game"
loteo,gamb
lothlortokenfund,"fina,othe"
lotterygame,gamb
lotterywinner,gamb
lottery3,gamb
lottopidaily6%,high
lottoshi,gamb
lovers4life,othe
luaswap,defi
luckvegas,gamb
luck.cafe,gamb
luck100,gamb
luckycryptopaintings,gamb
luckydragons,coll
luckyether,gamb
luckyinvest,high
luckysoccer,gamb
luckystrike,gamb
luckytriplestar,gamb
lucky7,high
lucky8d,gamb
lucky9.io,gamb
luckybooms,gamb
luckybuddy,gamb
luckyday,gamb
luckydice,gamb
luckyeth,gamb
luckynum,gamb
luckyonecasino,gamb
lynia,"exch,gamb"
macabris,coll
madoctopusdivingclub,coll
mageo,game
magicbox,othe
magicmushrooms,gamb
magic.jpeg,game
magicsoda,gamb
magicx,high
main,soci
makeawhale,gamb
manekio,gamb
mango,gamb
mantlefinance,defi
marble.cards,game
marketprotocol,"defi,exch"
marquise$museum,coll
marriageunblocked,othe
marriageontheblock,"othe,gove"
marsgenesis,coll
mars26,coll
masknetwork,soci
maskformusk,coll
masterfurunft,coll
mavro,"high,gamb"
maxwells,coll
maxx,high
mbn.global,defi
mc2cosmos,gamb
mcafeeswap,exch
mcdex,exch
mecenatefineartgallery,othe
meetsmetascholarshipdapp,game
megabillionlottery,gamb
megaball.io,gamb
megacryptopolis,game
megamine,high
mekarim,game
meland.ai,game
melioraswap,defi
melonport,"fina,othe"
memefactory,mark
memeltd.,defi
memorialstone,coll
mergecats,game
merge.,coll
meritcircle,game
mero,defi
metaapescity,coll
metamiceunderground,coll
metastellarnft,coll
metacakecollabitclub,coll
metadollar,high
metadollardynamicfund,high
metadollarfundgold,high
metagame,game
metaguardians,game
metaisland,coll
metalkchat2earngenesis,coll
metamouseclubhouse,coll
metaopus,coll
metaplex,game
metasnake,game
metasplit,othe
metaversetravelagencymetahelmet,coll
mia&themarbles,gamb
microverse,game
midnightrun,high
mike.rs0xbitcoinminingpool,othe
milfold,gamb
milkfarm,high
milktoken,high
millionaireclub,high
millionairevine,high
milliondollartokenpage,coll
millionetherwords,game
millionpixelsforcoins,othe
mimodefi,defi
minds,soci
minerbabe,gamb
minertokenonline,high
minertoken'sdaily,high
minertokengold,high
minesofdalarnia,game
miningexpert,"high,fina"
mintverse,mark
mithcash,defi
mizhenboss,high
mizhengame,game
mlmeth,high
mmm,high
mmm3eth,high
mmmethglobal,high
mmmx,high
mobifi,defi
mobileminigames,game
möbius2d,gamb
mobsquads,game
mogulproductions,mark
mokens,coll
moleculecatalyst,othe
mondriannft,"coll,nft"
moneystack,coll
mongoosemoon,high
monitorchain,"secu,othe"
monolith,"defi,fina"
monsterbit,"coll,game"
monsterbuds,game
monsterchain,game
monsters(foradventurers),coll
moondustdividendsv2,game
moonprojecttoken,high
moonraffle,gamb
moon, inc
moonbag,gamb
moonbox,"fina,othe"
mooncryptopolis,game
moontools,defi
moose-w7tgg0vqsg,coll
mooty,high
moriarty,high
morpher,"defi,fina"
morrex,high
mov,"defi,othe"
mstable,defi
multifomo,high
multi.today,high
multichain,defi
multiplayerdiceonline,gamb
multiprizer,"game,gamb"
multis,"defi,othe"
multisend.org,othe
newmultisender,othe
multitoken,othe
multitransfer,othe
mummy3d.io,othe
murall,coll
mushroomsfinance,defi
newmusicinfinity,soci
musystem,high
mutualalliance,high
mvp,gamb
mxrt'stribesofwar,coll
mycryptochamp,game
mycryptons,game
myeth666,high
myethdice.com,gamb
myether.date,gamb
myethercity,game
myethergames,gamb
myhero9,game
myluckyrabbit,game
mymdtdatawallet,"wall,othe"
mymillions,high
newmyria,game
mythereum,game
mythwars,coll
nagemon,"mark,game"
namebazaar,"exch,othe"
naosfinance,defi
nbaonline,gamb
nekoofficial,coll
nekochanclub,coll
neotokyoidentities,coll
neondistrict(ethereum),game
nest,defi
nestfi,defi
network51,high
neun,high
neutrinotokenstandard,high
newgovernment[ng],high
nexitynetwork,othe
nexo.io,defi
nextdecade,soci
nexus,high
nfftblockverse,"coll,nft"
nfspace,coll
nftbrawleth,game
nftfarmbuilder,"nft,mark"
nftfusion,"coll,yiel"
nfthorse,game
nftmultisender,defi
nftsprites,coll
nftstars,mark
nftation,mark
nftbox,coll
nftfy,mark
nftify,othe
nftkeymarketplace,mark
nftmake,game
nftmall,mark
nftrade,"nft,mark"
nftsmoneyclub,coll
nftwiki,othe
nftytribe,mark
nftzine,"coll,nft"
nguyenphunho,high
nicee,defi
niftex,mark
niftychars,coll
niftyfootball,game
niftydudes,coll
niftymoji,"nft,game"
ninjaprediction,othe
nitrogennetwork,othe
noponzicarlosmatos,high
nobull,gamb
noderunners,"nft,game"
non-fungiblefungigenesis,coll
noodle.finance,defi
notables,mark
notechain,"medi,othe"
noteon,soci
notfomo3d,gamb
notionalfinance,defi
novabox,high
novaline,high
novus.one,soci
nowswap,defi
nta3d,gamb
ntscryptodeposit,high
nullheroes,coll
numberboard,"medi,othe"
numberx,gamb
numerai,"othe,tool"
numinousnmnbylabztech,high
nuonetwork,defi
oasistrade,exch
obelus.voto,defi
octofi,defi
octoplax,coll
oh!finance,defi
okamipk,gamb
okdice.io,gamb
omen,othe
ompx:sharedgrowthgame,othe
onecurrencypurchase,gamb
onehundredethereumwall,"medi,othe"
oneminuteprofit-easyoption,high
onesinglecoin,othe
one-eight.io,high
oneether,gamb
oneid10,high
oneswap,exch
onigiribank,"high,gamb"
openalexa,high
opencare,othe
opendao,"defi,othe"
openleverage,defi
openluck,mark
openwebnetwork,"deve,othe"
opiumexchange,exch
oraclepsychichotline,high
oracleroulette,gamb
orangeboard,othe
orbit,gamb
orderbook,exch
originbet,gamb
origindollar(ousd),defi
originprotocol,"mark,othe"
origintrail'sopencall,"deve,othe"
oswap,mark
otctoken,defi
ourcouch,coll
our-roulette,gamb
ourplace,"othe,game"
outa,high
outlawgalsmc,coll
overbid,gamb
oweoath,"soci,othe"
owntheday,game
p2p,high
p2vswap,defi
p3daily,gamb
p3dank,high
p3xroll,gamb
p4rty,othe
paceart,mark
packageportal,othe
paletteonchain,coll
pancakeswapsquad,coll
pandaearth,"coll,game"
pandemica,gamb
pantheonecosystem(pan),high
paradise,"high,gamb"
parallelworldcup,game
parsecfrontiers:presale,game
partialbasic,othe
particlon,coll
partyape|billionaireclub,coll
party-coin,high
passivenetwork,high
patrn,"nft,mark"
payrlink,defi
peace,"high,game"
peepeth,"soci,othe"
pennyether,gamb
people'scasino,"coll,gamb"
pepefarm,high
pepedapp,"coll,mark"
pepemon,defi
perfectmoneytoken,high
perlinx,defi
petcemethery,coll
petcraft3d,game
photocentra,"nft,mark"
phuture,defi
picatar,coll
pickflix,game
picklefinance,"defi,fina"
piedao,defi
pigworld,gamb
piggybank,high
piggybanks,"fina,othe"
pinkshitape,coll
pinkslipfinance,game
pipot,gamb
pirateconquest:cryptokittiesexchange,game
piratesofthearrland,coll
pitchingpennies,gamb
pixby,othe
pixelmekas,coll
pixelsprite,"coll,nft"
pixelturtles,coll
pixelchain,coll
pixls,coll
pixoarena:crowdsale,game
place,"heal,game"
plageuinc,gamb
plagueinc.,gamb
planckx,game
planetcrypto,game
plasmabears,coll
platypus,"high,gamb"
play0x,gamb
playcircle.io,high
playdappmarketplace,"nft,mark"
playminingairdrop,game
playnumbers,gamb
playtowin.io,gamb
pledgeth,"fina,othe"
plinchub,gamb
plutocommylotto,gamb
po24,high
po50,high
pobitconnect,high
podevil,high
podgar.io,game
poethry,"soci,othe"
poexer,othe
pofomo,high
pog,high
pohd,high
pohmo4d,gamb
poid,high
poidiot,high
poj,high
poker2win,gamb
pokerlook,game
polkaex,defi
polkalokr,defi
polker,gamb
pollchain,othe
polyientdex,exch
polymath,"defi,fina,othe"
polytope,"coll,medi"
pomasternode,high
pomda,"high,gamb"
ponyfinance,defi
ponyrun,defi
ponzimonopoly,high
ponzimoon,gamb
poof,gamb
poohfarmer,high
poohmo,gamb
poolvine,high
popo,gamb
porm-20%divs,high
portion,coll
posc,high
postboy.app,othe
potpotato,gamb
powc,high
poweroftheoracle,high
powerstakecommunityplatform,exch
powerether,gamb
powerfan,mark
powertokens,high
poweth,high
powh3d,high
powh33,high
powh4d-p4d,high
powh5d-p5d,high
powhmaxreborn,high
powl,high
powm,high
powtf,high
powx,high
pray4prey,game
prayingbear,coll
premiumnaviaddress,othe
primatesocialsociety,coll
printer,othe
privatixnetwork,"mark,othe"
profitcircus,game
profitsgame,high
projectmemento,coll
project424,high
project567,high
promises,othe
proofofbling,high
proofofcarlosmatos,high
proofofcommunity(poc),high
proofofcraiggrantcoin,high
proofofeif,high
proofoffairlaunch,high
proofofhotbody,high
proofofhumanity,high
proofofkennycoin,high
proofoflonghodl,high
proofoflove,"soci,othe"
proofofnodump(pond),high
proofofonlyhodling,high
proofofpurchasesprovidingyields,high
proofofripple,high
proofofsatoshi,high
proofofstablecoin,high
proofofstrongbody,high
proofoftrevonjames,high
proofbox,othe
proofofkek(pok),high
proofofonlydividends,high
protonauts,coll
proveit,othe
pt7d,high
pulsecoin,"coll,mark"
pumpanddump,othe
pumpkincrewnft,coll
punkstats,coll
punkdinos,coll
puppychain,game
purefiprotocol,defi
putyourtext,othe
pyra-arteon,othe
pyra-mdx,othe
pyrabank-bat,high
pyrabank-hex2t,high
pyrabankhex,high
pyramidultimate,gamb
pyraprivate,high
pyrconnect,othe
pyrlink,othe
q3d.bet,gamb
qiulot-球乐,othe
qrpets,"othe,prop"
quadra:turnadventuresintoassets,game
quadrums,coll
quantstampsecuritynetwork,"secu,othe"
quarashinetwork,othe
quasarx,gamb
qube,defi
quicklotto,gamb
quickaward,gamb
r.mutt,coll
rabbidstoken,"coll,game"
radex,exch
radicards,"coll,soci"
raffle3d,gamb
raifinance,defi
raincheck,defi
raise,"fina,othe"
raisecapital,high
ramencoin,othe
rampdefi,defi
rappo,high
rarebits,mark
rarecats,coll
rareclaims,game
raricapital,defi
ratscam,gamb
ratscam-onehour,gamb
rcnnetwork,defi
re-oraclize,othe
realityclash,game
realmofcuboids,game
rechargebridge,defi
recordbreaker,high
rect.art,mark
redalert,high
redball,gamb
redchipfund,high
redline,high
redvsblue,game
referralbonanza,othe
refinable,mark
rel,high
relaychain,defi
rentcontrol,high
replin-inkprotocol,mark
repopworld,game
requestcreate,defi
rescalta(res),high
resourcefinance,defi
reternal,high
retroartauction,"coll,mark"
retroblock:robthebank,gamb
revenantsbyaletheaai,coll
reversejackpot,gamb
revolution1,othe
ribbits,coll
richcat,"game,gamb"
richdad,high
richer3d,gamb
rigcraft-presale,game
rigmining,high
rigoblock,"exch,othe"
rigwars.ioidlegame,game
ringsgenesis,coll
riotracers,"nft,game"
riotcats,game
riveth,high
roaringleaders,coll
robocosmic,coll
roborovskinft,coll
roboshambo,gamb
robotoken,coll
rocketcash,high
rocky,gamb
roleformetaverse,coll
roll100,gamb
rookieleague,coll
rotohive,game
rottenswap,defi
rove,"soci,othe"
rrmayc,coll
rttip,othe
rubic,defi
ruletka,gamb
ruletkapotshot,gamb
runaway,gamb
rushhour,gamb
russianroulette,gamb
s0larsystemforsale,game
saconiholmovimiento,coll
sacrific3d,gamb
safeinvest-4%,5%
safebas.me,othe
safeblocksfirewall,othe
safedif,high
safeinvest.io,high
saffron,defi
sakeswap,defi
sakura,game
samuraiquest,high
sanr.app,game
sanshuinu-dogpark,defi
sapien,soci
sashimiswap,defi
sassyunicorns,coll
satoshiblocksnft,"coll,nft"
satoshifutures,othe
saturnnetwork,exch
saturnstrategicinvestorprogram,othe
savemyluggage,"nft,othe"
sbinftmarket,mark
scaleswap,defi
scapeforum,game
scarcebits,mark
schroot,coll
scoobidoge,coll
secretsocietyofoddfellows,coll
secrethsanta,othe
secrether,"deve,othe"
secretsexchange,"coll,nft"
secular,high
seedtoipo,gamb
seedom,othe
seer,high
servbet,gamb
setprotocol,defi
settlements,game
sgem,"nft,game"
shabutownshibas,game
shibadoubler,high
shibainuspace,coll
shoeuziverse,coll
shroom.finance,defi
shuffle.monsterv3,gamb
shuttleone,defi
silfinance,defi
silvermoon,gamb
simply13,high
singchina,gamb
singularityhero,coll
singularitydao,defi
singularx,exch
skullys,coll
skyether,high
slaughter3d,high
newslmgames,gamb
slots,gamb
slow.trade,exch
slugroad,"game,gamb"
slumberswap,"fina,mark"
smartinvestments,high
smartjustice,othe
smart-234,high
smart-pyramid,high
smartbitpoint,high
smartcontractbank,high
smartdice,gamb
smartetherminer,high
smartex,high
smartfund,high
smarthash,high
smarthashpro,high
smarthashfast,high
smartlotterygame,gamb
smartlotto,gamb
smartolution,high
smartwager,high
smartway,high
smartx2,high
snailfarm,high
snailfarm2,"high,game"
snailfarm3,"high,game"
snailthrone,high
snailtree,high
snakefarm-idle,high
snakesandladders,gamb
snark.art,coll
snetsave,high
snip3d,"high,game"
snowdividends,high
snowstorm,gamb
snowswap,defi
socialmediamarket,game
socialmediamarketing,soci
socialbi,defi
socialogue,"nft,mark"
soda,defi
solaceprotocol,defi
soldiersofthemetaverse,coll
solethium,game
solidstamp,othe
somewei're,"soci,game"
sonarmoji,game
sopow,high
soundmoneycoin,"high,fina"
soundcoins,othe
soupxmondrian,coll
spacecapsules,coll
spacecards,high
spaceclubwtf,coll
spacelottery,gamb
spaceminers,gamb
spacebull.pro,high
spacewar,game
spacey2025,game
spank.live,othe
sparta,"defi,yiel"
spectre.ai,othe
speedbull2,high
spellfire,game
spellsofgenesis,game
spheriumfinance,defi
spherum,defi
spicypot,gamb
spiderfarm,high
spiderdex,mark
spinage-game,gamb
spinwin,gamb
spiritorbpetsv0,game
sportcrypt,gamb
sports3d,gamb
springrole,"othe,iden"
spud3d,high
squarequeue,gamb
squarestackworld,coll
squirrelpoker,gamb
stabledex,exch
stableescrow,"fina,othe"
stackedtoadz,coll
stackos,othe
stakereward,high
stakethemall,game
stakeeth,high
stakeinlinkies,high
stakingsaloon,game
starbit,exch
starcards,"coll,game"
starcurve,defi
stargate,gamb
starrynift,game
start.solar,othe
startfi,mark
staybit,"othe,prop"
stayk,"high,fina"
stayusb,"mark,othe"
stibp2p,exch
stinkyfarttown,coll
stixex,gamb
stobox,othe
stockexchange,high
stox,"exch,othe"
strawberriesv3,coll
streetwearbearsclub,coll
strongcapital,high
strudeldao,defi
stryking.io,game
strz.io,othe
substrata,coll
summoner,game
sundaylottery,gamb
suoha.me梭哈么,gamb
super6,gamb
superapp,"defi,wall"
superbank,high
supercard,gamb
supercountries,game
superdice,gamb
supereth-mine,high
supereth超级以太坊,othe
superfomo,high
superplayer,game
supertoken,"defi,mark"
surffinance,defi
swdao,defi
swap.space,exch
swapall,exch
swapgram,exch
swappprotocol,defi
swappr,othe
swarm.city,othe
swash,"soci,othe"
sweetbet,gamb
swing,defi
switcheonetwork,exch
synergyofserra,game
syntheticdreamsbyrefikanadol,coll
t3rm.dev,coll
tabbypay,"wall,othe"
tadpolefinance,defi
tardfarmerclub,high
tattoomoney,exch
tcgworld,game
teamfinance,defi
templeofeth,gamb
ten10,gamb
teris,high
ternary,gamb
tevvo,high
tevvo2.0,high
thales,defi
the140collectionbytwitter,coll
the30days,gamb
the3dmartians,coll
theadchainpublisherregistry,othe
thebigbangonline,high
theblockchainlottery,gamb
theburntoken,"fina,othe"
thecheetahgang,coll
thecolors,coll
thecontractumproject,high
thecultdao,coll
theethgame,gamb
theethereumlottery,"high,gamb"
theeyeofthepyramid,othe
thefabled,game
thefriendstree,high
thefrontpub,"medi,othe"
thehodlcommunity,high
theilluminati,othe
thejigsawgames,game
theledgerofszabo,game
themanwhosoldtheworld,game
themasksocietynft,coll
themiketysonnftcollection,coll
themilliondefihomepage,"fina,othe"
themillionetherhomepage,"medi,othe"
thenproject,coll
theoracle,coll
thepyramidgame,high
therapscallions,"coll,nft"
therichestsays,othe
thesandbox,game
theshillcoinhodlcoin,high
thetapplatform,"nft,game"
thetrain,high
thewackydogclub,coll
thewastedlands,game
thewildbunchofficial,coll
thewildflowergarden,othe
thewolfclub,game
the#boi,coll
thealien888nftmintingdapp,coll
thebutton,gamb
thelast,gamb
thenextblock,game
theorcs.wtf(freemint),soci
thetanuts,defi
thisorthat.io,othe
"thomascrownart""smart""","wall,coll"
thor,othe
thorswap,exch
thousandethergoatse,othe
tibrix,othe
ticketh,gamb
tidesofmagic,game
tigersline,high
tikibar,coll
tinybit,othe
tiptopuniverse,othe
tkn.com,gamb
tobeaking,high
tothemoon,gamb
tok'n'talk,othe
tokenbuyersclub,high
tokenerc20generate,othe
tokenfighter,game
tokenlocker,defi
tokentycoon:officalrelease,game
token.storeeth,exch
tokenbbbatchtransfer,"othe,tool"
tokenfield,defi
tokenflip,gamb
tokenmaker,"fina,othe"
tokenpark,gamb
tokensender,"fina,othe"
tokensfarm,defi
tokenswap,exch
tokenvote,"othe,gove"
tokenwarriors,game
tomsachsrocketfactory,coll
tomsachs:rocketfactorypatches,coll
tomorrowsprice,gamb
toonft,mark
topbidder,mark
tornadocash,"fina,othe"
torpedolaunch,game
torum,"nft,soci"
tosscoin,gamb
totalmoney,high
totle,"othe,exch,mark"
totleswap,exch
tradepass,exch
tradestars,game
tranchefinance,defi
transponders,coll
traveltigerclub,coll
treasure,"coll,high"
treasureland,mark
treethereum,game
trey,high
trianglerooms,gamb
tribesofogun,coll
trickle,othe
triple,game
trippleup,othe
trueeth,high
truefi,defi
trumpbingo,game
trumpswap,defi
trustee,"fina,othe"
trustingtrust,"game,gamb"
trustway,high
ttmine,high
turboeth,high
turfpool,game
twohundredpercent,high
twoxpot,high
uardians,coll
ufogaming,game
uglyai,coll
ukrainevsrussianft,coll
ultraspacepool,high
newumbrianetwork,defi
umidigital,defi
unblockme,game
undra,game
uni3d,high
unibunny,coll
uniconft,mark
unicorngo,game
unidex,defi
unidexbot,"defi,exch"
unifarm,"defi,yiel"
unifiprotocol,defi
unifiedbet,othe
unifty,coll
unilendfinance,defi
uniqueone,mark
uniteddao,defi
units,game
universalcryptotoken,high
universefinance,defi
universe.xyz,defi
unixo,high
unkoin,othe
unstoppablenftbackups,coll
upsweepnetwork,gamb
ura.maket,high
uroborus,high
uunicorns,coll
valhallahipsters,coll
valuedefiprotocol,defi
vdice,gamb
verity,"othe,gove"
versustrade,gamb
verynifty,game
vgo,coll
viaprotocol,defi
victoriavr,game
viewly,"medi,othe"
vipcoin,othe
viralatafunkcamarotebonde,coll
virtuallander,game
virtualand,game
vitalikgiverofether,high
vitaluck,gamb
voidmanagement|cryptoindex,defi
voomo,high
vrfbet,gamb
vultursocial,othe
vyworlds,game
w3ad,othe
wagerwar,gamb
waifu.art,coll
waifusion,coll
waitorreinvest,high
wallstreet2,high
wallie-1.44%,high
wandx,"exch,fina"
wannabesmusicclub,"coll,nft"
warofeth,gamb
warofethereabyhodlgames,gamb
warofgenesis-起源战争,game
warflame:presale,game
wasabixfinance,defi
wbtc,defi
wcg,high
welovedogenft,coll
wealthbuilderclub,"high,gove"
wealthx,high
webpay,defi
weclosedinto,othe
wecooperategrowth,high
wedex,exch
wednesdayclub,soci
wefairplay,gamb
weidex,exch
wenrugpull,coll
wesleyboumans,gamb
wetrustspring,othe
weway,mark
wheelspin,gamb
whitebettingfootball,gamb
whoami,coll
willwin,gamb
winethfree,high
win1million,gamb
win777,gamb
winether,gamb
wings,othe
winkfinancial,othe
winnerwinneretherdinner,gamb
winsome,gamb
winstar,high
wintokens,gamb
winy,gamb
wisnetwork,high
wixa,coll
wizardcontract,high
wolfgame,coll
wolf.bet,gamb
wolvesexchange,high
worldofblockchain,game
worldofether,game
worldwargoo,game
world'smostexpensiveartwork,othe
worldcryptocup,high
worldcryptowar,game
worldcup,game
worldcuptoken,game
worldfomo,gamb
worldopo,game
worldtaken,game
worstpersonintheworld,high
wrappedcryptopunks,"coll,nft"
wrappeddego,defi
wwworldcup,gamb
wyvernexchange,"mark,gove"
x2555eth,high
x2bet.win,gamb
x2invest,high
x2profit,high
xanalia,mark
xandar-racefortheprize,gamb
xceldream,high
xdapp(eth),gamb
xeroncare,othe
xether,gamb
xflip,gamb
xgemfarms,defi
xmas.now.eth,coll
xonarobotics,coll
xoxov3,high
xyzethr,gamb
x计划,gamb
yam.finance,defi
yearnerfinance,defi
yeetdao,coll
yel.finance,defi
yesbit,"othe,gamb"
yeticoin,soci
yfarm,defi
yfinstake,high
yfione,"defi,yiel"
ygot,gamb
ygov.finance,defi
yieldwars,defi
yield.vote,defi
yieldly.finance,defi
yobit.net,defi
yoink,"fina,game"
yolodice,game
yolorekt,gamb
youcollect,game
tether,defi
oasis,fina
townstar,nft
chainlink,secu
dappydoge,nft
uniswap,defi
status,wall
0x,defi
basicattentiontoken,wall
singularitynet,mark
sushiswap,fina
requestnetwork,fina
oceanmarket,mark
nexo,fina
omisego,exch
symbiosisfinance,defi
lescovexdex,exch
unstoppablenftbackup,nft
aaveprotocol,fina
bandprotocol,deve
scalabledollarprotocol,fina
disperse,fina
storj,tool
plasmafinance,defi
shibatokengift,game
kybernetwork,defi
sunrisegamingbydao,nft
kromatika,defi
iotex-voting-portal,gove
enjincoin,game
reimaginedfinance,defi
kleros,gove
ioi-traderacemanager,defi
knownoriginmarketplace,mark
fusestudio,fina
golem,deve
celsiusnetwork,wall
sparkpointwallet,wall
inkprotocol,mark
vesperfinance,yiel
selfkey,iden
digixglobal,fina
cryptovoxels,nft
reviewhunt,mark
polycub,defi
gnosis,exch
minereumv2,fina
goofballgang,nft
republicprotocol,exch
suncontract,ener
sorbetfinance,defi
aavegotchi,nft
counterstakeonethereum,defi
totemfi,defi
goldpesa,exch
foam,prop
aragon,gove
sorare,game
mydefipet,nft
unimex,fina
crypt-oink,game
roobeefinance,fina
etheremon,game
plotx,defi
xyoworld,tool
spankchain,soci
xcloud,stor
cryptowergame,game
likecoin,iden
cryptoeli,fina
multivenopenmarketplace,mark
aelf,deve
erc20faucet,deve
nash(ethereumtxs),exch
defiswap,exch
veadir,fina
nounbirds,nft
cometh,yiel
zinfinance,defi
raidennetwork,exch
fiscusfyi,nft
crypterium,fina
ambireadex,medi
district0x,mark
mysteriumvpn,secu
genesisvision,fina
sapiennetwork,soci
idex,exch
ensmanager,iden
synlev,defi
2key,soci
decentralizednations,nft
canwork,mark
paxosstandard,fina
mycontract,deve
australopithecusnft,nft
hypetokendapp,soci
realityeth,deve
streamrcore,deve
degen'$farm,nft
adbankinc,medi
mlbcryptobaseball,game
santiment,fina
vether,defi
jupiter,fina
susquares,prop
ulyssescontract,soci
shardingdao,nft
thetanetwork,medi
btecoin,fina
replin,mark
zed,game
trustlinesprotocol,defi
alphawallet,wall
neverlose.money,defi
colony,gove
rocketcompetition,fina
dexkit,defi
bprotocol,fina
gimmer,fina
fiscusdice,defi
larescalta,deve
fyooz,mark
lunchmoney,soci
mutantmonsters,game
thirm,defi
nuolend,fina
swarmcity,fina
topbidderprotocol,nft
huddln,soci
dovu,ener
ethtown,game
phonefarmfinance,nft
enigma,deve
morpherdex,exch
btuhotel,prop
dharmaprotocol,defi
shitcoin,game
belifexdex,exch
charg(chg),ener
dexag,exch
trusteewallet,wall
nightlifecrypto,defi
pikafinance,nft
ethos,wall
funfair,gamb
qiibee,exch
defizap,defi
crypko,game
exmrdapp,deve
paretonetwork,mark
whitebetting,game
bitnation,gove
commonwealth:ewlth,wall
pledgecamp,fina
defiyield,yiel
tradinglab,soci
cryptotunes,medi
colendi,defi
basedvitalik,nft
streamrmarketplace,deve
deversifivotingdapp,exch
touristoken,fina
focusedsharpeindex,defi
bulvrddrive,nft
housebit,prop
vault,gove
grid+,ener
friendsfingers,fina
ainetwork,deve
veridex,exch
iexec,mark
upfiring,medi
blockchainmessager,soci
pixelmap,nft
axedao,defi
pixbycoldstaking,fina
unimaster,defi
fmtlol,soci
mrnaswap,defi
dappquery,deve
ethopiaonline,game
abridged,defi
temporal,deve
ethfinextrustless,exch
publish0x,medi
neftify,yiel
btucarrental,mark
mesg,deve
torus,wall
cryptochars,nft
reftoken,fina
erc20tokengenerator,deve
sourcify,deve
imtokentokenlon,defi
set,defi
predictz,fina
akoinnft,nft
bnbfarm,defi
fusewallet,wall
imtoken,wall
daoplaymarket,mark
v-id,secu
defitwilight,game
satoshimonsters,game
mywish,deve
neptunemutual,yiel
fluencenetwork,secu
civil,medi
tokengen,deve
[cryptonomica]eth-sign,iden
1inch.exchange,exch
nftcollectionmanager,nft
0xcert,iden
connextnetwork,defi
culottes,gove
cossfsa,exch
dock,iden
dada,medi
coinmanufactory,deve
crowdholding,soci
trustwallet,wall
bcshop,mark
nftkey,nft
tokensport,soci
winiwallet,fina
maecenas,medi
airdropcoin,fina
dogeshib,defi
polywall,soci
eurxb,defi
snarkart,mark
rotki,fina
blockdemycerts,prop
myetherwallet,wall
wisetoken,defi
etherchest-ethereum,nft
1crworld,wall
switcheo(eth),exch
swaponline,exch
sentineldvpn,tool
darkempire,game
swapmarket,nft
crypto.comapp,defi
zinc,iden
cryptokingdoms,game
invictuscrypto20,fina
wibson,prop
fiat24,fina
unifinity,deve
bitstashmarketplace,mark
supercryptokart,game
pixelcons,medi
kwiktrust,secu
watchdata,tool
rings,game
multisend,wall
olafinance,defi
landemic,game
codexprotocol,mark
clashofstreamers,nft
bubblegumgame,game
chaino,game
galacticnoobs,mark
monetarycoinforgingdapp,fina
beat,heal
digiscoop,nft
openzeppelin,secu
oracleswap,exch
cryptomars,nft
derivadexinsurancefund,fina
iqexchange,exch
cointoolbulksender,deve
chainstack,deve
rampinstant,exch
globalwomeninvestment,fina
onomyprotocol,defi
shipchain,prop
zucoinchain,fina
merklex,exch
cryptounlocked,gove
cryptobeegame,game
wbankwallet,wall
primas,soci
cryptohamsters,nft
cartel,soci
baldynft,nft
gittron,nft
scattertoken,defi
lunyr,medi
magicjpeg,nft
coinmanufactory-erc20,deve
loomnetwork,soci
avatar wars,game
firstblood,game
tokengenerator,deve
crowdclick,mark
kickback,medi
avxchange,medi
mars,fina
novusdotone,medi
bityond,soci
satellite,soci
atrablockchain,deve
cryptotoons,game
auctus,fina
radar,defi
threemessaging,soci
daicard,defi
blocknative,defi
fishjump,game
ruinedreign,nft
realtydao,defi
obfc,fina
smartcontractstools,deve
novalineplatform,yiel
suspendedsoul,nft
cryptospacecommanders,prop
milliondollardapp,medi
stablecoinswap,exch
touchsocial,soci
paraswap,exch
cryptobatz,nft
token²curatedregistry,gove
nestree,soci
pheme,medi
refereum,medi
bnbubbles,nft
coinmechanic,deve
captainbitcoin,medi
standardcharity,gove
challengeofchampions,game
brickblock,fina
synergyland,nft
creepts,game
eartha,nft
swapfolio,defi
chainzarena(eth),game
swapzone,exch
mntify,medi
portis,wall
mysterium,secu
serenuscoin,fina
govblocks,gove
$martfund,defi
cryptokaiju,game
cosmos,deve
yobitdefi,defi
catallax,soci
nftbank,nft
walletconnect,defi
smartharvest,fina
transfernewinntech,tool
polyalphapoc,soci
kauri,deve
ipfs-fps,game
tokenfolio,exch
backd,defi
emphy,mark
vibehub,game
ette,deve
etheriscflightdelayinsurance,insu
platon,deve
illustspace,nft
uniquedirectory,nft
provable,deve
zincfaucet,deve
3box,deve
bitdegree,soci
timex,exch
settle,defi
searx,soci
foresting,soci
ethrone,defi
catmergeflex,game
stele,medi
locketh,secu
rivet,deve
invictuscrypto10hedged,fina
retroshot,game
alfacash,exch
banq-audit,secu
multicoinpoker,game
powerstakecommunity,fina
readoo,soci
cryptopuzzle,game
sonm,deve
ercwin,game
zerion,defi
cryptotask,soci
stablepay,defi
tenx,wall
gammadex,exch
adventureth,game
soldiersland,nft
plotus,defi
worldexpo,nft
subtoken,defi
vevue,soci
cryptlodex,exch
donut,soci
ethconomy,mark
poorfag,nft
burni,nft
voltswap,yiel
dabanking,game
blocktimebuddies,game
dexwallet,defi
astrobros,nft
adoptthecrc,mark
methabiofund,heal
avocadoclassicinc,ener
etherfundraiser,fina
ethfiles,tool
tokentransferdapp,fina
overnight,defi
blocktix,medi
ephemeralboard,soci
medoozauniversalwallet,wall
gasify,defi
mintme.comcoin,fina
ourbible,tool
cryptostamp,nft
nblockswalletforeth,wall
celldex,fina
musicoin,medi
darkcountrycardgame,nft
ethsimple,iden
biconomy,deve
insur,soci
glosmatin,soci
coinstructor,deve
createmytoken-erc20,deve
tippit,fina
expo,defi
tokenminingpool,fina
elysium,heal
daihard,exch
brrrrrrr,game
kovritastablecoins,exch
embersword,nft
dithereum,secu
collectibleclips,mark
airgap,wall
shite,fina
dnftfinance,defi
blocklancer,soci
bettery,soci
lostrelics,game
zdos-dapp,deve
decentralizednewsnetwork,medi
sovcube,fina
dec777,defi
aionnetwork,deve
menloone,deve
astroledger,game
cryptogift,game
yidaibi,deve
22hrsretaildefi,prop
ethpokemonbattles,game
startsolar,ener
protea,soci
quiknode,deve
sirinlabs,deve
risegames,game
mevu,soci
gopony,game
veritaseum,fina
nergame,game
likesearchengine,medi
gitcoin,deve
jerusalemchain,prop
cutleeks,game
cloudstackclsk,wall
chronobank,deve
ethtoolbox,deve
rapidtokenmaker,deve
documentary,medi
empowwallet,wall
trustlessescrow,exch
swapspace,exch
hipr,game
rpacryptoanalytix,fina
vfsetokenexchange,exch
scorchablepayments,fina
mbnglobal,fina
webchain,fina
cryptominerals,game
ehailingfm,soci
formula0x,prop
ledu,deve
whois0x,iden
safebasme,secu
totem,wall
abacus,defi
hotcactusclub,game
bulktokensending,deve
vechain,gove
mtonomy,medi
authoreon,secu
wallid,wall
chatex,fina
loanbase,defi
everextransfer,fina
arbitrust,gove
neverdie,game
zxerrorartnft,nft
3deth,mark
rockside,deve
exolix,exch
guardiangold,fina
peerguess,game
nahmii,deve
nwostate,soci
molecule,heal
clovers.network,game
inkdrop,soci
elementfinance,yiel
metamask,wall
metamorph,exch
finneyvote,gove
eristica,medi
hodlst.,game
lexiconomy,mark
cryptocells,heal
multy,wall
stoneblock,fina
cryptoboiler,soci
cryptlocex,exch
uptrennd,soci
yarinanichi,prop
verbfinance,nft
kelsen,gove
joosprotocol,fina
arenagolf,game
fulltrustrefer,fina
arcsn,fina
bloxars,nft
nexgen,exch
publica,game
ofc,fina
fiatdexprotocol,exch
chispend-superapp,fina
warofants,game
daxia,fina
swaptoken,fina
bitse,defi
bbctoken,soci
stackerventures,gove
ethkudos,soci
0xownsart,game
potluck,game
gliaicu,soci
fetch,defi
mxrttribesofwar,game
nftsoccersuperstars,nft
cipherx,medi
ethsnippet,soci
redboxdapp,fina
cryptobaskets,defi
automakemoney,game
bigbom,medi
"1,000ethergoatse",soci
killfish,game
legalcontracts,gove
dropys,tool
lumiwallet,fina
nownodes,deve
mythx,secu
payany,wall
emergingmarketsolar,ener
btfsmart,fina
d'centwallet,defi
decs,deve
cryptocarsonline,game
wm-wallet,wall
edcerts,stor
insightsnetwork,stor
acashcoin,fina
watchtoken,deve
ilinkcbc,soci
cinezen,medi
lumicollect,wall
moyom,exch
soundeon,medi
buntoywallet,wall
hbwallet,nft
ethereumtokengenerator,deve
tokenmint,deve
hope,mark
bliface,medi
94eth,fina
faststorebit,exch
getblock,deve
b3-blockchainballotbox,gove
infinitustoken,fina
whoisens,iden
armacoin,fina
onxfinance,defi
vcpc,prop
dappsjinja,game
cryptotwittos,game
arinalandtycoon,game
orbyt,wall
healthereum,heal
bitpainting,game
ichain,deve
shape,game
greencapital,secu
vchain,heal
thousandetherhomepage,medi
bitblinx,fina
chainmonsters,game
monibooks,yiel
radicaladdress,iden
qpocket,wall
podcrypt,medi
thankful,fina
mithril,soci
kittiefight,game
begwall,exch
fantasycoiner,game
stamping,gove
multisupply,fina
vinyl,nft
histopack,prop
votedapp,soci
nucypher,secu
dolomite,exch
orbiter8,game
fleetfox,tool
heliowallet,wall
sikoba,fina
appcoins,deve
omgdrops,nft
cryptotocards,fina
topicshare,soci
dauber,soci
safle,wall
hirego,prop
huobiwallet,defi
trusttoken,iden
daiembassy,fina
shiftly,exch
wingsdao,gove
ulcdocuments,prop
mythicaltoken,fina
ledgerdex,exch
rsacannabis,wall
metashooter,game
resolve.money,fina
vertex,fina
veil,gove
cansend,wall
orbs,gove
flashift,exch
cdpauction,defi
singulardtv,medi
methereum,game
poap,nft
wallofchain,game
elconsejosimpatico,soci
thetokenstore,exch
silkey,iden
ethereumlimited,wall
starbase,fina
worlddominationmeow,game
colulocalnetwork,fina
defiportfoliotracker,defi
evmbox,deve
akta,stor
civd.app,game
ieoservice,deve
proofofcommunity,fina
cryptoanime,game
ribbit,soci
loopring,defi
securityfundtoken,nft
hxxd,game
newgovernment,game
demblock,mark
mostexpensiveartwork,medi
unicoin,medi
cryptoraves,soci
deriveth,wall
slowtrade,exch
enzypt,tool
themutual,fina
123swap,yiel
carbonfiatgateway,fina
safecommerce,exch
cryptotitties,mark
battleofthermopylae,game
µraiden,fina
candycrunchdapp,game
zenart,prop
petroleum,exch
soshumandigitalassets,deve
roodles@coinomi,nft
hussy,soci
godzillion,exch
pchain,deve
iconomi,fina
rocketdao,fina
tokenimals,soci
coinstantine,medi
quickblocks,deve
hygh,medi
dappnode,deve
liquiditynetwork,fina
wetrust,defi
lendingblock,exch
flairdrop,tool
opet,soci
splitorsteal,game
k2n,deve
tokenmakerorg,deve
spheroiduniverse,prop
ethplot,game
editional,soci
smartcheck,secu
etherkingdoms(imps),game
mξtaplξx,medi
appii,iden
walleth,wall
aito,nft
blockenergy,ener
gladius,secu
unicornsvsdinosaurs,game
bluejayfinance,defi
stacktical,gove
aventus,medi
nitrogenlendingnetwork,fina
bcgame,gamb
cryptoxmas,soci
dime,game
fundrequest,fina
neuromachine,deve
tokenary,wall
bitwich,fina
hausnetarcade,game
relevancy,soci
ixtus,soci
aidao,fina
celswap,exch
trippki,mark
forevermore,soci
livenpay,soci
artemine,deve
viola,soci
limepay,fina
iku,heal
sportx,gamb
oztokenizingrealestate,fina
defigroupch-eth,defi
otonomos,gove
demu,soci
optimum,exch
devoleum,prop
brightwhiteupvccleaning,defi
hut34platform,tool
empireai,soci
kickcoin,fina
ethnamed,wall
cargo,deve
sharpay,soci
bidali,mark
fraxsset,prop
chooseyourforceside,gove
b2e,exch
idea3,prop
enslisting,mark
bethereum,soci
embark,deve
bananoquest,game
wrappedmarblecards,game
bionic,deve
embraceclarity,soci
shuffletoken,gamb
controlthetrain,secu
bitski,wall
eth-men,mark
nethereum,deve
frame,wall
guesser,gove
ercdex,exch
odem,mark
rate3,deve
electchain,gove
primablock,fina
postman,soci
easycdp,exch
theetherbutton,game
acrewise,prop
anonvoting,secu
agree3,gove
fireblock,secu
openavn,secu
basil,ener
icohatercollectibles,game
betrbet,gamb
ethergoo,game
checksiteworth,soci
cryptocollab,medi
cryptopop,game
blockapps,deve
smartz,deve
ethernautgame,game
akasha,soci
ludosprotocol,game
arawtoken,fina
uquid,fina
asset3,prop
truekenyan,soci
coinbasewallet,defi
minereum,exch
evermarkets,exch
thecontractfactory,deve
uport,iden
forgottenartifacts,game
iconemy,fina
idlecryptominer,game
flowstake,deve
warofgenesis,game
hashrush,game
globalmiles,fina
etherfen-digitaltomb,game
etherchain,fina
sylo,soci
travelchain,fina
atrisx,fina
humaniq,fina
legalthingsone,gove
pinata,deve
plutonetwork,medi
tokenmaker_jp,deve
ovr,game
solidified,secu
leth,wall
gnosissafe,wall
ubex,exch
owlstand,medi
ethecom,game
etherscan,deve
swarmfund,fina
d8x,exch
nlifecasino,gamb
ompx,medi
thelastword,soci
neufund,fina
city,soci
"block,paper,scissors",game
etherstars,game
crafty,prop
addressaliasservice,deve
otccoindex,fina
erc721maker,deve
latiumx,exch
slidebits,soci
aquarights,fina
galleass.io,game
bitclave,exch
kawattatokens,deve
you'vegoteth,fina
turncoin,secu
mattereum,gove
imbrex,prop
atonomi,secu
online.io,wall
taylor,fina
locus,game
matchpool,soci
etherecho,secu
jibrelnetwork,wall
ipfs,medi
mentat,soci
democracyearth,gove
projectoaken,ener
accelerator,fina
alphabrowser,medi
eth_market_dapp,exch
talao,secu
ethtective,fina
carsharingplatform,soci
buymebuyyou,soci
fundabit,soci
proxeus,deve
fishcoin,ener
beetherpro,game
thisorthat,gove
edenchain,deve
ethhodler,secu
minerone,deve
etherflyer,exch
totalgame,game
batchsender,deve
crypto-twitch,game
docstamp,tool
saverasheed,game
tokenstatuspage,wall
ethmarket,exch
fysical,deve
hipstergame,game
ethexbet,gamb
coinvoting,gove
deip,medi
voiceofcoins,exch
realmsofether,game
blockwars,game
whois,iden
truebit,fina
hashheroes,game
ethertothemoon,soci
peername,secu
etherpoohfarmer,game
skyweaver,game
pixelproperty,game
stors,fina
ambisafe,exch
theskyishighcrowdfunding,ener
lovelock,soci
gitcoiniosexplorer,deve
thesixdragons,game
ebolaonethereum,heal
bitofme,medi
etherwall,wall
oketch,fina
ethersnailfarm,game
fuguefoundation,soci
current,medi
hexel,soci
qubistry,gove
photochain,medi
miniwager,game
smartwallet,wall
presaledex,fina
reeward.io,nft
r1,exch
ffex,fina
ethereumtwitter,soci
stonedapp,tool
ethergit,deve
bbiller,fina
ethwatch/merkleventures,secu
airtoken,fina
randao,gove
bitcannery,secu
monarch,game
unmai,iden
blueprotocol,secu
etherprofiles,secu
proofofexistence2.0(poet),medi
pixoarena,game
insightchain,soci
staticoin,fina
soliditybikramsamvat,soci
dav,soci
carbon,exch
blocknet,deve
tkn,gamb
astronautapparel,gove
defragfinance,nft
provoco,soci
variabl,exch
witnet,tool
shareapp,prop
shangri-la,game
omnisparx,gove
blackmoon,fina
ðworld,game
trekmiles,heal
vipnode,deve
snakefarmidle,game
reidao,prop
landmark,soci
ethereumwebservices,stor
betta,gamb
concurrence.io,deve
happta,deve
ethcommerce,mark
jheyson,nft
ujomusic,medi
ethgasstation,deve
coder,deve
keepnetwork,secu
centrifuge,defi
pixura,mark
aletheia,gove
doneth,wall
liquid,exch
infura,deve
kittyrace,game
eth2xgambling,gamb
populstay,prop
xcontract,deve
tokencreationservice(erc20),deve
cdx,defi
cryptogoods,prop
rateme,soci
finom,fina
diadata,fina
xaya,game
gridsingularity,ener
snaifarm3,deve
ethpledge,fina
ylyb,soci
swipe,medi
horizonstate,gove
ellcrys,deve
healthwizz,soci
medxprotocol,heal
wala,fina
openanx,exch
mysay,soci
skillchain,soci
reach,nft
etherbanksterfarm,game
indicoin,soci
turtelidlegame,game
auroradex,fina
agrolot,fina
aidchain,soci
evolve110,game
veros,soci
bullish-thegame,game
hydrachain,iden
aifightclub,game
etherplay,game
devery,prop
squirrelforestidle,game
yulit,tool
skrilla,game
nativegaming,gamb
tokensplitter,exch
eartheumclimatdao,ener
bulleon,fina
grafiti,medi
balance,secu
etheroji,soci
voteholder,gove
vezt,medi
trakti,secu
truffle,deve
cryptocultures,game
profξth,fina
weifund,fina
chainy.link,medi
marketplace,exch
pluscoin,exch
tomobowl,gamb
chather,soci
opportyico,fina
votingonropsten,gove
daobet,gamb
lendroid,fina
plentix,deve
wikipediapp,game
catsinmechs,game
erc725demo,deve
annsol,secu
cryptofootie,mark
artemineicofactory,deve
tomodice,gamb
etherstone,deve
paintblox,medi
rouge,soci
playroyal,gamb
eductx,soci
kyc-chain,fina
sweetbridge,prop
digitexfutures,exch
walletdapp,wall
artsmesh,medi
arteminegenesistrading,fina
uppstart,medi
coinlaunch,fina
althea,deve
nottar.io,gove
blockcat,deve
pactum,deve
cryptoqualify,gove
okdice,gamb
ownanumber,prop
tweed(dot)social,soci
grünstromjeton,ener
helix3,heal
ethbadge,iden
ethembedded,deve
stonetablets,soci
fish,fina
ezer,gamb
cryptofees,fina
moonshake,gamb
betcryptoclub,gamb
ethychat,soci
hcaptcha,wall
cryptocongress,gove
ethmagicbox,soci
messagetotheworld,medi
icocompiler,deve
whotheethareyou?,prop
blockfarm,game
eth-iban-validator,fina
ethplorer,deve
azelo,medi
meerkatmining,game
myetherprofile,wall
egodeam333,soci
cutekittyfarm,game
heroesofether,game
loveregister,soci
fivemedium,soci
theethereumbillboard,medi
mercuryprotocol,soci
smartidentity,soci
antecasa,soci
hotpotato,game
qwalletsearch,wall
thedivebar,gamb
polkadot,soci
silverwire,secu
blockstore,tool
blockchainpiexperiment,game
daoipci,ener
propsproject,medi
restartenergy,ener
wallξth,wall
roulether,gamb
cryptodragonballs,game
sweeteternal,soci
meridio,prop
securify,secu
ubitok.io,exch
contrib,fina
toastycoin,game
slockit,secu
simplevote,gove
bether.me,game
hashgard,fina
corl,fina
browser-solidity,deve
cropinsurance,insu
ethcrow,fina
blox,fina
accept,exch
loftvr,game
truthorlie,gamb
demeter,ener
etherrock,game
brainlegit,exch
plinc,gamb
ethslurp,tool
ettagames,game
ethermetal,exch
genobankdnawallet,stor
doublemyeth,gamb
monsters,mark
erc_bet,gamb
dappbox,secu
howl,secu
pay2play,game
stakebank,fina
jint’semblem,soci
allforone,gamb
8coins|eth,gamb
charitychain,soci
projectgroundhog,soci
famecoin,soci
extend,wall
ink,exch
dingolotto,gamb
macroverse,game
provenance,prop
お祝イーサーethergift,soci
lemonemaildapp,secu
hivecommons,soci
socialx,soci
walletpet,wall
tokenfunder,fina
aivia,fina
linksandmagnetexplorer,wall
owlchain,deve
etherfalcon,game
distense,prop
goldauction,fina
beyondthevoid,game
bitlifeandtrustproject,insu
libertaxwallet,wall
share&charge,soci
cryptocribs,prop
adstxtplus,medi
btcrelay,exch
lamboweiart,gamb
tigereum,fina
bitgame,gamb
indiaopinionpoll,gove
cryptospeech,tool
cyber•fund,fina
drakenx,gamb
simplelotto,gamb
trustgame,game
clickmine,game
orchid,secu
otcexchange,exch
ethcro,deve
notareth,secu
nuearthlotto,gamb
certificatesdapp,iden
martinofriends,soci
sot-shopping&trading,exch
universalðapp,deve
grove,tool
guts,secu
benefactory,soci
punchclock,soci
spacesuit,wall
peermountain,secu
anryzedistributednetwork,deve
hypernet,deve
etherpixels,game
notshapeshift,exch
dapple,deve
decentralizedethermixer,fina
bitcoinwallet,wall
dappsys,deve
rendertoken,exch
x2bet,gamb
myetherdate,gamb
fairspin,gamb
objectnameservice(ons),prop
collegames,gamb
decentralizedebay,prop
zeroexchange,exch
smartcontracttemplate,deve
tokenfactory,deve
plusten,game
paradiseslots,gamb
ethcasinoclub,gamb
splyt,prop
guaranteemarket,fina
wtcooo,soci
decentralizedscience,medi
crowdtoken,fina
ethertrack,tool
thought,tool
boardroom,gove
mywealthmap,fina
cryptocashhog,gamb
calledit,gamb
ethnotary,secu
buglab,secu
safemarket,fina
ethgame,gamb
tugofwar,game
paradice,gamb
playtowin,gamb
auctionhouse,prop
8stakes,game
activeworldbits,fina
climatecoin,soci
smartcv,stor
defight,gamb
examplevotingontruffle,gove
sheltercoin,soci
ebmarket,exch
ethersim,deve
whisperchatclient,soci
studbook,game
bulltoken,fina
ethsharp,deve
flip-eth,gamb
eth-tempus,deve
sheth,deve
register.eth,tool
aureum,gamb
populus,deve
smartpool,deve
quantmd.ai,heal
alice,soci
anonymousvoting,secu
trustus,deve
youtubecontract,medi
cryptoflix,medi
votechain,gove
cryptocrawl,game
wannabet?,gamb
web3console,wall
farmerchain,soci
medicalrecordsystem,heal
arcadecity,soci
doma,prop
0xchange.me,exch
prometheus,deve
dogtheopensourcebountyhunter,gove
hirematch,soci
angular2+trufflestarterdapp,deve
juncture,game
megaether,gamb
crystalmines,game
the-pitts-circus-family-movie,fina
promptkicker,fina
frozeth,wall
dte,exch
lightwallet,wall
idblockchainpoc,deve
sleth,game
icebox,wall
ethhypedns,prop
dappcatalog,soci
nipps,game
smartstudentid,iden
interdimensionaljukebox,medi
teenpatti,gamb
dice2win,gamb
kombit,fina
mythicaldice,gamb
etheriscsocialinsurance,soci
etherpromoswin,gamb
etherstatic,secu
pocketbygonetwork,soci
korkscrew,insu
feedes,mark
theneonnetwork,exch
galacenter,exch
ethercrawler,game
tokenescrow,fina
etherwordcloud,medi
loanbolio,fina
cryptocoinwatch,tool
ddash,fina
quixxi,secu
1protocol,deve
invoicefinancingdapp,fina
eth-red,deve
videostreamingonipfs,medi
initialbountyofferingplatform,soci
law4all,gove
microtick,fina
csafarmtoken,ener
plasma-likeblockchainexchangenetwork,fina
dsurance,insu
openship,prop
lightleadershipmeritocraticratingsdemo,soci
bankera,exch
lightning-roulette,gamb
subdomainens,mark
ethticket,medi
cryptobooky,gamb
iudex,gove
gladiethers,gamb
kin,fina
etherwager,exch
dicer,gamb
wavevote,secu
block-inspector,secu
myvote,fina
todolist,soci
wikigit,fina
transactionrelay,deve
tinyoracle,deve
ethertweet,soci
meteor-embark,deve
ethereum-datetime,soci
b-umbrella,secu
timeclock,soci
dapppricefeed,deve
pointcrypto,gamb
shapeshiftbot,exch
etherappointment,soci
thevrenarproject,soci
weilend,fina
vmtracevizualizer,deve
typ3,deve
lifeslot,gamb
taxeme,fina
etherriche,fina
medicalservices-patient,heal
ethermarket,fina
babel,exch
univereum,gove
gamefundgamecommunity,gamb
azrael,deve
myhξalth,insu
citethzen,soci
basicidentitytoken,fina
luckyyou!,gamb
etherlimulti-sigwallet,wall
solidityresources,deve
guestbook,deve
genericmock,deve
trustq,tool
ethchronicler,fina
trustery,fina
kpcsethereum,prop
chanceeth,gamb
gimbl,gamb
slotthereum,gamb
angeleth,tool
xmr-web-miner,deve
bigfishroll,gamb
lottereum,gamb
coingathernator,gamb
flipstreak,gamb
lava,medi
virtuepoker,gamb
ethfordata,stor
smartcontractandsettlement,soci
raikoth,fina
win-bet,gamb
shenanigan,gamb
swap20,exch
pear,soci
airbits,fina
alma,iden
options,exch
dogracing,gamb
soxbet,gamb
digipie,gamb
coin2funlottery,gamb
watchdog,tool
lottoken,gamb
cryptobets,gamb
principleworldcup,gamb
etherbutton,gamb
worldcup2018lottery,gamb
ethrps,gamb
cryptobowl,gamb
millionairemakers,gamb
coinlottery,gamb
lotto,gamb
ethercorners,gamb
betdemocracy,gamb
blockbet,gamb
cakeminer,gamb
betmeup,gamb
esportsbets,gamb
idice,gamb
rockpaperscissors,gamb
yolotto,gamb
buidltoday,gamb
ethsoccer,gamb
keno,gamb
cillionaire,gamb
pick3,gamb
eatmybet,gamb
high-stakessmartroulette,gamb
twibet,gamb
multigames,gamb
ethdfs,gamb
lothereum,gamb